Group,Name,Language,SourceID,Level1 Id,Level2 Id,Level3 Id,Level4 Id,Analyzed [y/n],Text,ref Code,KW Ids,Keywords,Judicial Topic Ids,Juditial Topics,Index Ids,Index Terms,,Refference,
Rabbinic,"Mishnah, ΒΒ",Hebrew,2,33,8,1,,y,"יש נוחלין ומנחילין, ויש נוחלין ולא מנחילין, מנחילין ולא נוחלין, לא נוחלין ולא מנחילין. ואלו נוחלין ומנחילין, האב את הבנים והבנים את האב והאחין מן האב, נוחלין ומנחילין. האיש את אמו והאיש את אשתו, ובני אחיות, נוחלין ולא מנחילין. האשה את בניה והאשה את בעלה ואחי האם, מנחילין ולא נוחלין. והאחים מן האם, לא נוחלין ולא מנחילין:",000200330008000100000000,"309, 310, 312, 315","agnatic succession, intestate succession, degrees of kinship, consanguinity","28, 30, 31","Intestacy, Classes of Heirs, Women Inheritance rights","346, 757, 758","נוחלין, סדר נחלות, מנחילין",Mishnah Bava batra 8:1,000200330008000100000000,
,,Hebrew,2,33,8,2,,y,"סדר נחלות כך הוא, (במדבר כז) איש כי ימות ובן אין לו, והעברתם את נחלתו לבתו, בן קודם לבת, וכל יוצאי ירכו של בן קודמין לבת. בת קודמת לאחין. יוצאי ירכה של בת, קודמין לאחין. אחין קודמין לאחי האב. יוצאי ירכן של אחין, קודמין לאחי האב. זה הכלל, כל הקודם בנחלה, יוצאי ירכו קודמין. והאב קודם לכל יוצאי ירכו:",000200330008000200000000,"69, 95, 178","intestacy, right of representation, heir","28, 30","Intestacy, Classes of Heirs",347,כל הקודם בנחלה,Mishnah Bava batra 8:2,000200330008000200000000,
,,Hebrew,2,33,8,3,,y,"בנות צלפחד נטלו שלשה חלקים בנחלה. חלק אביהן שהיה עם יוצאי מצרים, וחלקו עם אחיו בנכסי חפר. ושהיה בכור נוטל שני חלקים:",000200330008000300000000,NULL,NULL,NULL,NULL,NULL,NULL,Mishnah Bava batra 8:3,000200330008000300000000,
,,Hebrew,2,33,8,4,,y,"אחד הבן ואחד הבת בנחלה, אלא שהבן נוטל פי שנים בנכסי האב ואינו נוטל פי שנים בנכסי האם. והבנות נזונות מנכסי האב ואינן נזונות מנכסי האם:",000200330008000400000000,"69, 178","intestacy, heir","28, 31","Intestacy, Women Inheritance rights","61, 62, 349, 350, 578","בכור, מזונות, נכסי האב, נכסי האם, פי שנים",Mishnah Bava batra 8:4,000200330008000400000000,
,,Hebrew,2,33,8,5,,y,"האומר איש פלוני בני בכור לא יטל פי שנים, איש פלוני בני לא יירש עם אחיו, לא אמר כלום, שהתנה על מה שכתוב בתורה. המחלק נכסיו לבניו על פיו, רבה לאחד ומעט לאחד והשוה להן את הבכור, דבריו קימין. ואם אמר משום ירשה, לא אמר כלום. כתב בין בתחלה בין באמצע בין בסוף משום מתנה, דבריו קימין. האומר איש פלוני יירשני במקום שיש בת, בתי תירשני במקום שיש בן, לא אמר כלום, שהתנה על מה שכתוב בתורה. רבי יוחנן בן ברוקה אומר, אם אמר על מי שהוא ראוי לירשו, דבריו קימין. ועל מי שאין ראוי לירשו, אין דבריו קימין. הכותב את נכסיו לאחרים והניח את בניו, מה שעשה עשוי, אבל אין רוח חכמים נוחה הימנו. רבן שמעון בן גמליאל אומר, אם לא היו בניו נוהגין כשורה, זכור לטוב:",000200330008000500000000,"73, 178, 327","gift, heir, Testamentary Language","33, 36, 37, 104","Disinheritance, Forms of Will, Deeds of Gift as Wills, Firstborn Inheritance Rights","64, 351, 352, 571","ירושה, התנה על מה שכתוב בתורה, ראוי ליורשו, מתנה",Mishnah Bava batra 8:5,000200330008000500000000,
,,Hebrew,2,33,8,6,,y,"האומר זה בני, נאמן. זה אחי, אינו נאמן ונוטל עמו בחלקו. מת, יחזרו נכסים למקומן. נפלו לו נכסים ממקום אחר, יירשו אחיו עמו. מי שמת ונמצאת דיתיקי קשורה על ירכו, הרי זו אינה כלום. זכה בה לאחר, בין מן היורשין בין שאינו מן היורשין, דבריו קימין:",000200330008000600000000,178,heir,102,Documentary Evidence,"67, 353, 739","דיתיקי, נאמנות, διαθήκη",Mishnah Bava batra 8:6,000200330008000600000000,
,,Hebrew,2,33,8,7,,y,"הכותב נכסיו לבניו, צריך שיכתב מהיום ולאחר מיתה, דברי רבי יהודה. רבי יוסי אומר, אינו צריך. הכותב נכסיו לבנו לאחר מותו, האב אינו יכול למכר, מפני שהן כתובין לבן, והבן אינו יכול למכר, מפני שהן ברשות האב. מכר האב, מכורין עד שימות. מכר הבן, אין ללוקח בהן כלום עד שימות האב. האב תולש ומאכיל לכל מי שירצה. ומה שהניח תלוש, הרי הוא של יורשין. הניח בנים גדולים וקטנים, אין הגדולים מתפרנסים על הקטנים ולא הקטנים נזונין על הגדולים, אלא חולקין בשוה. נשאו הגדולים, ישאו הקטנים. ואם אמרו קטנים הרי אנו נושאים כדרך שנשאתם אתם, אין שומעין להם, אלא מה שנתן להם אביהם נתן:",000200330008000700000000,"83, 266, 305, 307","bequeathal clause, usufructus, gift after death, from today and after death","37, 39, 57","Deeds of Gift as Wills, Trust, Usufruct","68, 220","מהיום ולאחר מיתה, הכותב נכסיו",Mishnah Bava batra 8:7,000200330008000700000000,
,,Hebrew,2,33,8,8,,y,"הניח בנות גדולות וקטנות, אין הגדולות מתפרנסות על הקטנות ולא הקטנות נזונות על הגדולות, אלא חולקות בשוה. נשאו גדולות, ישאו קטנות. ואם אמרו קטנות, הרי אנו נושאות כדרך שנשאתם אתם, אין שומעין להן. זה חמר בבנות מבבנים, שהבנות נזונות על הבנים ואין נזונות על הבנות:",000200330008000800000000,96,alimentary rights,"28, 49","Intestacy, Minors",62,מזונות,Mishnah Bava batra 8:8,000200330008000800000000,
,,Hebrew,2,33,9,1,,y,"מי שמת והניח בנים ובנות, בזמן שהנכסים מרבים, הבנים יירשו והבנות יזונו. נכסים מעטין, הבנות יזונו והבנים ישאלו על הפתחים. אדמון אומר, בשביל שאני זכר הפסדתי. אמר רבן גמליאל, רואה אני את דברי אדמון:",000200330009000100000000,"163, 172, 173","son, daughter, Inheritance priority","6, 26","Inheritance, Provisions for Children","62, 427","מזונות, אדמון",Mishnah Bava batra 9:1,000200330009000100000000,
,,Hebrew,2,33,9,2,,y,"הניח בנים ובנות וטמטום, בזמן שהנכסים מרבים, הזכרים דוחין אותו אצל נקבות. נכסים מעטין, הנקבות דוחות אותו אצל זכרים. האומר אם תלד אשתי זכר יטל מנה, ילדה זכר, נוטל מנה. נקבה מאתים, ילדה נקבה, נוטלת מאתים. אם זכר מנה אם נקבה מאתים, וילדה זכר ונקבה, זכר נוטל מנה והנקבה נוטלת מאתים. ילדה טמטום, אינו נוטל. אם אמר כל מה שתלד אשתי יטל, הרי זה יטל. ואם אין שם יורש אלא הוא, יורש את הכל:",000200330009000200000000,"73, 163, 172, 175, 176, 178","gift, son, daughter, intersex person, conditional gift, heir","6, 9","Inheritance, Legal Capacity","72, 332, 442","טומטום, יורש, מתנה על תנאי",Mishnah Bava batra 9:2,000200330009000200000000,
,,Hebrew,2,33,9,3,,y,"הניח בנים גדולים וקטנים, השביחו גדולים את הנכסים, השביחו לאמצע. אם אמרו ראו מה שהניח לנו אבא, הרי אנו עושים ואוכלין, השביחו לעצמן. וכן האשה שהשביחה את הנכסים, השביחה לאמצע. אם אמרה ראו מה שהניח לי בעלי, הרי אני עושה ואוכלת, השביחה לעצמה:",000200330009000300000000,"177, 178, 179, 180, 181","estate enhancement, heir, widow's inheritance, minor, adult",6,Inheritance,"332, 444","יורש, השבחת נכסים",Mishnah Bava batra 9:3,000200330009000300000000,
,,Hebrew,2,33,9,4,,y,"האחין השתפין שנפל אחד מהן לאמנות, נפל לאמצע. חלה ונתרפא, נתרפא משל עצמו. האחין שעשו מקצתן שושבינות בחיי האב, חזרה שושבינות, חזרה לאמצע, שהשושבינות נגבית בבית דין. אבל השולח לחברו כדי יין וכדי שמן, אינן נגבין בבית דין, מפני שהן גמילות חסדים:",000200330009000400000000,"66, 73, 182, 183, 184","brother, gift, public service, gifts of groomsmen, partner","5, 6, 76","Family, Inheritance, Partnership","73, 74, 446","אחים שותפים, שושבינות, גמילות חסדים",Mishnah Bava batra 9:4,000200330009000400000000,
,,Hebrew,2,33,9,5,,y,"השולח סבלונות לבית חמיו, שלח שם מאה מנה ואכל שם סעודת חתן אפלו בדינר, אינן נגבין. לא אכל שם סעודת חתן, הרי אלו נגבין. שלח סבלונות מרבין שיחזרו עמה לבית בעלה, הרי אלו נגבין. סבלונות מעטין שתשתמש בהן בבית אביה, אינן נגבין:",000200330009000500000000,"186, 187","betrothal gifts, marriage conditions","3, 21","Obligations, Marriage","76, 448","סבלונות, סעודת חתן",Mishnah Bava batra 9:5,000200330009000500000000,
,,Hebrew,2,33,9,6,,y,"שכיב מרע שכתב כל נכסיו לאחרים ושיר קרקע כל שהוא, מתנתו קימת. לא שיר קרקע כל שהוא, אין מתנתו קימת. לא כתב בה שכיב מרע, הוא אומר שכיב מרע היה והן אומרים בריא היה, צריך להביא ראיה שהיה שכיב מרע, דברי רבי מאיר. וחכמים אומרים, המוציא מחברו עליו הראיה:",000200330009000600000000,73,gift,32,Causa Mortis,"77, 354","שכיב מרע, שיור",Mishnah Bava batra 9:6,000200330009000600000000,
,,Hebrew,2,33,9,7,,y,"המחלק נכסיו על פיו, רבי אליעזר אומר, אחד בריא ואחד מסכן, נכסים שיש להן אחריות נקנין בכסף ובשטר ובחזקה, ושאין להן אחריות אין נקנין אלא במשיכה. אמרו לו, מעשה באמן של בני רוכל שהיתה חולה ואמרה תנו כבינתי לבתי והיא בשנים עשר מנה, ומתה, וקימו את דבריה. אמר להן, בני רוכל תקברם אמן. וחכמים אומרים, בשבת, דבריו קימין, מפני שאינו יכול לכתוב. אבל לא בחל. רבי יהושע אומר, בשבת אמרו, קל וחמר בחל. כיוצא בו, זכין לקטן, ואין זכין לגדול. רבי יהושע אומר, לקטן אמרו, קל וחמר לגדול:",000200330009000700000000,"180, 181, 189, 190, 191, 192, 193","minor, adult, movable property, immovable property, deathbed gift, modes of acquisition, verbal instruction","9, 10, 37","Legal Capacity, Acquisition, Deeds of Gift as Wills","79, 84, 449, 450, 451, 454","נכסים שיש להם אחריות, בריא, המחלק נכסיו על פיו, נכסים שאין להם אחריות, כסף שטר ומשיכה, מסוכן",Mishnah Bava batra 9:7,000200330009000700000000,
,,Hebrew,2,33,9,8,,y,"נפל הבית עליו ועל אביו או עליו ועל מורישיו, והיתה עליו כתבת אשה ובעל חוב, יורשי האב אומרים, הבן מת ראשון ואחר כך מת האב, בעלי החוב אומרים, האב מת ראשון ואחר כך מת הבן, בית שמאי אומרים, יחלקו. ובית הלל אומרים, נכסים בחזקתן:",000200330009000800000000,"101, 178, 194, 195, 196","marriage contract, heir, inheritance conflict, creditor, order of death",6,Inheritance,"80, 466","כתובה, נכסים בחזקתן",Mishnah Bava batra 9:8,000200330009000800000000,
,,Hebrew,2,33,9,9,,y,"נפל הבית עליו ועל אשתו, יורשי הבעל אומרים, האשה מתה ראשונה ואחר כך מת הבעל, יורשי האשה אומרים, הבעל מת ראשון ואחר כך מתה האשה, בית שמאי אומרים, יחלקו. ובית הלל אומרים, נכסים בחזקתן, כתבה בחזקת יורשי הבעל, נכסים הנכנסים והיוצאין עמה בחזקת יורשי האב:",000200330009000900000000,"101, 178, 194, 196, 198, 199","marriage contract, heir, inheritance conflict, order of death, dowry property, female succession",6,Inheritance,"80, 467, 468, 470","כתובה, יורשי הבעל, יורשי האישה, נכסים הנכנסים והיוצאים",Mishnah Bava batra 9:9,000200330009000900000000,
,,Hebrew,2,33,9,10,,y,"נפל הבית עליו ועל אמו, אלו ואלו מודים שיחלקו. אמר רבי עקיבא, מודה אני בזה שהנכסים בחזקתן. אמר לו בן עזאי, על החלוקין אנו מצטערין, אלא שבאת לחלק עלינו את השוין:",000200330009001000000000,"194, 199","inheritance conflict, female succession",6,Inheritance,466,נכסים בחזקתן,Mishnah Bava batra 9:10,000200330009001000000000,
,"Tosefta,ΒΒ",Hebrew,3,33,7,1,,y,"כל שהוא לפנים מחבירו הוא קודם את חבירו. ונחלה משמשת והולכת ועולה, אפי' עד ראובן. בן האחין זה את זה, והאחיות זו את זו, האחין את האחיות, והאחיות את האחין, נוחלין ומנחילין. ממזר מוריש את קרוביו. גוי ועבד הבאו על בת ישראל אפי' חזר הגוי ונתגייר, עבד ונשתחרר, נכסיו כנכסי הגר וכנכסי עבד משוחרר. כל הקודם בהן זכה.",000300330007000100000000,"165, 178, 200, 201, 202, 204, 205","freedperson, heir, indirect heir, convert, slave, bastard, order of succession","1, 6","Status, Inheritance","471, 472, 473","ממזר, נכסי הגר, נכסי עבד משוחרר",Tosefta Bava Batra 7:1,000300330007000100000000,
,,Hebrew,3,33,7,2,,y,"נאמנת חיה לומר זה יצא ראשון. אימתי, בזמן שאין שם ערער, אבל יש שם ערער אינה נאמנת. ר' לעזר או' אם הוחזקה על עמדה נאמנת, ואם לאו, אינה נאמנת.",000300330007000200000000,"224, 225, 226, 227","firstborn, woman testimony, order of birth, disputed inheritance","6, 30","Inheritance, Classes of Heirs","568, 569, 570","ערער, חיה, עמדה",Tosefta Bava Batra 7:2,000300330007000200000000,
,,Hebrew,3,33,7,3,,y,"היו מוחזקין בו שהוא בכור, ובשעת מתנה אמ' אינו בכור, אינו נאמן. היו מוחזקין בו שאינו בכור, ובשעת מתנה אמ' בכור הוא, נאמן. היו מוחזקין בו שהוא בכור, ובשעת מיתה אמ' בכור הוא, נאמן. היו מוחזקין בו שהוא בנו, ובשעת מיתתו אמ' בני הוא, נאמן. היו מוחזקין בו שהוא בנו, ובשעת מיתתו אמ' אינו בני, אינו נאמן. שאין בנו, ובשעת מיתתו אמ' בנו הוא, נאמן. היו מוחזקין בו שהוא בנו, ובשעת מיתתו אמ' אחי הוא, אינו נאמן. שהוא אחיו, ובשעת מיתתו אמ' בני הוא, נאמן. היו מוחזקין בו שהוא בנו, ובשעת מיתתו אמ' עבדו הוא, אין נאמן. שהוא עבדו, ובשעת מיתה אמ' בנו הוא, נאמן. היה עומד בין המוכסין ואמ' בני הוא, וחזר ואמ' עבדי הוא, נאמן. עבדי הוא, וחזר ואמ' בני הוא, אין נאמן.",000300330007000300000000,"224, 227, 229, 232","firstborn, disputed inheritance, deathbed statement, presumed heir","1, 6, 30, 33, 37","Status, Inheritance, Classes of Heirs, Disinheritance, Deeds of Gift as Wills","61, 353, 571, 575","בכור, נאמנות, מתנה, מוחזק",Tosefta Bava Batra 7:3,000300330007000300000000,
,,Hebrew,3,33,7,4,,y,"אין הבכור נוטל פי שנים בשבח שהשביחו נכסים לאחר מיתת אביהן. ר' או' אומ' אני הבכור נוטל פי שנים בשבח שהשביחו נכסים לאחר מיתת אביהן, שאף שלו השביח בשלהן. כיצד, היתה לו בהמה מוחכרת, ומושכרת, אצל אחרים, ופרה רועה באפר, הבכור נוטל פי שנים. ואין נוטל פי שנים בזרוע ובלחיים ובקיבה.",000300330007000400000000,"224, 233, 234","firstborn, double portion, enhancement","6, 104","Inheritance, Firstborn Inheritance Rights","61, 71, 578","בכור, שבח נכסים, פי שנים",Tosefta Bava Batra 7:4,000300330007000400000000,
,,Hebrew,3,33,7,5,,y,"ר' או' כל דבר שלא פילפלו בו יתומין לאחר מיתת אביהן הבכור נוטל פי שנים. וחכמים או' אין נוטל פי שנים אלא בכל אשר ימצא לו. אבל בנה בניין, נטע נטיעות, הכל שוין שנוטל פי שנים.",000300330007000500000000,"177, 224, 233","estate enhancement, firstborn, double portion","6, 104","Inheritance, Firstborn Inheritance Rights","61, 361, 578, 579","בכור, יתומים, פי שנים, פילפול",Tosefta Bava Batra 7:5,000300330007000500000000,
,,Hebrew,3,33,7,6,,y,"כיצד נוטל פי שנים, ירשו שטרי חוב, הבכור נוטל פי שנים. יצאו עליו שטרי חוב, נותן פי שנים, ואם אמ' אי איפשי שלא ליטול ושלא ליתן, הרשות בידו.",000300330007000600000000,"87, 224, 233, 235, 236","debt document, firstborn, double portion, disclaimer of inheritance, repudiatio hereditatis","6, 104","Inheritance, Firstborn Inheritance Rights","61, 333, 578, 580","בכור, שטר חוב, פי שנים, אי אפשי",Tosefta Bava Batra 7:6,000300330007000600000000,
,,Hebrew,3,33,7,7,,y,"כיצד אין נוטל בראוי כבמוחזק, מת אביו בחיי אביו נוטל פי שנים מנכסי אביו, ואין נוטל פי שנים מנכסי אבי אביו. ואם היה אביו בכור, אף הוא נוטל פי שנים מנכסי אבי אביו.",000300330007000700000000,"224, 233, 237, 238, 239","firstborn, double portion, prospective estate, actual possession, generational rights","6, 104","Inheritance, Firstborn Inheritance Rights","575, 578, 581, 582","מוחזק, פי שנים, ראוי, נכסי אבי אביו",Tosefta Bava Batra 7:7,000300330007000700000000,
,,Hebrew,3,33,7,8,,y,"בנות צלפחד נטלו שלשה חלקין בנחלה, חלק אביהן שהיה מיוצאי מצרים. ר' ליעזר בן יעקב או' אף חלק אחי אביהן, לפי שלא ניתנה הארץ אלא ליוצאי מצרים, ולא נתחלקה אלא לעומדים בערבות מואב, ירש השבט את שבטו וחזר השבט וירש את הראוי לו.",000300330007000800000000,"173, 233","Inheritance priority, double portion","6, 31, 104","Inheritance, Women Inheritance rights, Firstborn Inheritance Rights","60, 635, 637","נחלה, בנות צלפחד, יוצאי מצרים",Tosefta Bava Batra 7:8,000300330007000800000000,
,,Hebrew,3,33,7,9,,y,"כיצד, שני אחין שהיו מיוצאי מצרים, לאחד יש לו תשעה בנים ולאחד יש לו בן אחד, ולפניהם בית חמשת כורין, תשעה נטלו בית לתך לתך, ואחד נטל בית לתך, החזירום לאבתיהם, חזרו אבות והורישו את הבנים, תשעה נטלו מחצה, ואחד נטל מחצה. ר' שמעון בן לעזר אומ' אף נתחלקה הארץ ליוצאי מצרים, כיצד, היה מן היוצאין ממצרים ומן העומדין בערבות מואב נוטל שני חלקין, מיוצאי מצרים ולא מן העומדין בערבות מואב, ולא מיוצאי מצרים נוטל חלק אחד. המתלוננים, והמרגלים, ועדתו של קרח, לא נטלו חלק בארץ, אבל הבנים ירשו בזכות אבות אבותיהן, ובזכות אמות אמותיהן. וכן היה ר' שמעון בן לעזר או' יהושע וכלב נטלו שלשה חלקים בנחלה, שהן מיוצאי מצרים, ומן העומדים בערבות מואב, ושנטלו חלקן של מרגלים.",000300330007000900000000,"173, 261, 262","Inheritance priority, tribal division, disputed lineage",6,Inheritance,"60, 64, 637, 638, 640, 642","נחלה, ירושה, יוצאי מצרים, מתלוננים, עדת קרח, מרגלים",Tosefta Bava Batra 7:9,000300330007000900000000,
,,Hebrew,3,33,7,10,,y,"וחלק של מרגלים נטלו יהושע וכלב, חלק המלוננים ועדתו של קרח נפל לאמצע, והבנים נחלו לעצמן. וכשם שהבן קודם את הבת בנכסי האב, כך קודם הבן את הבת בנכסי האם. ר' אלעזר בר' יוסי או' משם ר' זכריה בן הקצב, וכן היה ר' שמעון בן יהודה איש כפר איבוס או' משום ר' שמעון, אחד הבן ואחד הבת שוין בנכסי האם. האו' יחלקו בני נכסיי, והיה שם בכור, אם זכו בנכסים בחיי האב אין נוטל פי שנים, ואם לאו, נוטל פי שנים.",000300330007001000000000,"173, 262","Inheritance priority, disputed lineage","6, 31","Inheritance, Women Inheritance rights","349, 350","נכסי האב, נכסי האם",Tosefta Bava Batra 7:10,000300330007001000000000,
,,Hebrew,3,33,7,11,,y,"האומ' תנו מאתים דינר לפלני בני בכור כראוי לו, נוטל, ונוטל פי שנים. בבכורתו, ידו על העליונה, רצה נוטלן ורצה נוטל פי שנים.",000300330007001100000000,"191, 224, 233, 290, 291, 292","deathbed gift, firstborn, double portion, inter vivos transfer, vesting of rights, Primogeniture","6, 104","Inheritance, Firstborn Inheritance Rights","61, 578, 683","בכור, פי שנים, בחיי האב",Tosefta Bava Batra 7:11,000300330007001100000000,
,,Hebrew,3,33,7,12,,y,"האומ' תנו שדה פלנית לפלני' אשתי בראוי לה, נוטלתה, ונוטלת כתובתה. בכתובתה, ידה על העליונה, רוצה נוטלתה, רוצה נוטלת כתובתה.",000300330007001200000000,"191, 233, 279, 292, 302, 303","deathbed gift, double portion, cumulative legacy, Primogeniture, Testamentary Interpretation, severability of legacy","37, 38, 104","Deeds of Gift as Wills, Legacies, Firstborn Inheritance Rights","61, 578, 683, 684, 685","בכור, פי שנים, בחיי האב, כראוי לו, ידו על העליונה",Tosefta Bava Batra 7:12,000300330007001200000000,
,,Hebrew,3,33,7,13,,y,"האומר תנו מאתים דינר לפל' בעל חובי בחובו, בראוי לו, נוטלו, ונוטל עוד מאתים דינר. בחובו, אין לו אלא חובו.",000300330007001300000000,"101, 191, 279, 301, 302, 303","marriage contract, deathbed gift, cumulative legacy, election of rights, Testamentary Interpretation, severability of legacy",38,Legacies,"80, 684, 685","כתובה, כראוי לו, ידו על העליונה",Tosefta Bava Batra 7:13,000300330007001300000000,
,,Hebrew,3,33,7,14,,y,"היתה לו שדה עשויה הפותיקי לאשה בכתובתה, ולבעל חוב בחובו, ואמ' תנו שדה פלנית לפל' אשתי בכתובתה, ולפל' בעל חובי בחובו, נתקבלו, וידן על העליונה.",000300330007001400000000,"191, 195, 279, 302, 304","deathbed gift, creditor, cumulative legacy, Testamentary Interpretation, debt","38, 74","Legacies, Loan and Pledge","81, 684","בעל חוב, כראוי לו",Tosefta Bava Batra 7:14,000300330007001400000000,
,,Hebrew,3,33,7,15,,y,"האומ' תנו חלק לפל' בנכסי יירש עם הבנים. בבכורה אין נוטל פי שנים. האומ' יירשני פל' לא אמ' כלום. תנו נכסיי לפל', דבריו קיימין.",000300330007001500000000,"101, 325, 326","marriage contract, Secured Debt, Creditor Priority","81, 119","Real security, Debts and Obligations","80, 81, 666, 685","כתובה, בעל חוב, אפותיקי, ידו על העליונה",Tosefta Bava Batra 7:15,000300330007001500000000,
,,Hebrew,3,33,7,16,,y,"כתב ירושה מלמטה ומתנה מלמעלה, ירושה מלמעלה ומתנה מלמטה, ירושה מכן ומכן ומתנה באמצע, הואיל והזכיר שום מתנה, דבריו קיימין.",000300330007001600000000,"224, 229, 327, 328","firstborn, deathbed statement, Testamentary Language, Gift vs. Inheritance","37, 38","Deeds of Gift as Wills, Legacies","64, 571, 578","ירושה, מתנה, פי שנים",Tosefta Bava Batra 7:16,000300330007001600000000,
,,Hebrew,3,33,7,17,,n,"ר' יוחנן בן ברוקה אומ' אם אמ' על מי שראוי לו ליורשו, דבריו קיימין, על מי שאינו ראוי לו ליורשו, אין דבריו קיימין. כיצד, אמ' על בת הבן בין הבנים ועל בן הבת בין הבנות, דבריו קיימין. על הבת בין הבנים ועל האח בין הבנות, לא אמ' כלום.",000300330007001700000000,327,Testamentary Language,"36, 37","Forms of Will, Deeds of Gift as Wills","64, 571","ירושה, מתנה",Tosefta Bava Batra 7:17,000300330007001700000000,
,,Hebrew,3,33,8,1,,n,"הכותב נכסיו לאחד, והיה כהן, והיו בהן עבדים, אע""פ שאמ' הלה אי איפשי בהן, הרי אילו אוכלין בתרומה. רבן שמעון בן גמליאל אומ' כיון שאמ' הלה אי איפשי בהן, זכו בהן היורשין.",000300330008000100000000,"339, 340, 343","slaves status, property transfer, refusal of inheritence","35, 37","Accaptance of will, Deeds of Gift as Wills","217, 220, 580, 818","אכילה בתרומה, הכותב נכסיו, אי אפשי, עבדים",Tosefta Bava Batra 8:1,000300330008000100000000,
,,Hebrew,3,33,8,2,,n,"הכותב נכסיו לעשרה, בין שזכה אחד מהן ובין שזכו כולן, זכו כולן. כתב והעלה להן בערכים, זכת להן הערכיים.",000300330008000200000000,NULL,NULL,NULL,NULL,NULL,NULL,Tosefta Bava Batra 8:2,000300330008000200000000,
,,Hebrew,3,33,8,3,,n,"המוציא עשרה עבדים בני חורין, בין שיצא אחד מהן ובין שיצאו כולן, יצאו כולן. כתב והעלה להן בערכיים, זכת להן הערכיים.",000300330008000300000000,NULL,NULL,NULL,NULL,NULL,NULL,Tosefta Bava Batra 8:3,000300330008000300000000,
,,Hebrew,3,33,8,4,,n,"האומ' תנו נכסיי לפל', ואם מת פל' לפל', ואם [מת] פל' לפלני, הראשון אוכל פירות, ואם מת ינתנו לשיני, [השיני אוכל פירות. ואם מת, ינתנו לשלישי]. מת השיני עד שלא ימות הראשון, הראשון אוכל פירות. [מת, ינתנו לשלישי. מת שלישי עד שלא ימות השיני, השיני אוכל פירות], ואם מת, יחזרו ליורשי הנותן. הראשון מוכר קרקע ואוכל פירות דברי ר', רבן שמעון בן גמליאל או' אין לראשון אלא אכילת פירות בלבד.",000300330008000400000000,NULL,NULL,NULL,NULL,NULL,NULL,Tosefta Bava Batra 8:4,000300330008000400000000,
,,Hebrew,3,33,8,5,,y,"שנים שהיו באין ממדינת הים, אע""פ שמשאן ומתנן ומאכלן ומשקן כאחת, ומת אחד מהן, אין חבירו יורשו, ואם היה נוהג בו משום אחוה, חבירו יורשו.",000300330008000500000000,"9, 66","patria potestas, brother",30,Classes of Heirs,"73, 193","אחים שותפים, מדינת הים",Tosefta Bava Batra 8:5,000300330008000500000000,
,,Hebrew,3,33,8,6,,n,"מי שיצא הוא ובנו למדינת הים, ובא עמו אח ואמ' זה אחי שניתן לי במדינת הים, ולו חמשה אחין ולפניהן בית חמשת כורין, הן אין נותנין לו כלום, והוא נותן להן שתות בחלקו. מת הוא, נוטל מה שנתן, והשאר מביאין לאמצע וחולקין.",000300330008000600000000,NULL,NULL,NULL,NULL,NULL,NULL,Tosefta Bava Batra 8:6,000300330008000600000000,
,,Hebrew,3,33,8,7,,n,"מי שיצא הוא ואביו למדינת הים, ומת הבן, או שמת האב, לעולם נכסיו בחזקת זקן.",000300330008000700000000,NULL,NULL,NULL,NULL,NULL,NULL,Tosefta Bava Batra 8:7,000300330008000700000000,
,,Hebrew,3,33,8,8,,n,"הכותב דייתיקי, והיה מתיירא מן היורשין, נכנסין אצלו כמבקרין אותו, שומעין דבריו מלפנים, ויוצאין וכותבין מבחוץ.",000300330008000800000000,NULL,NULL,NULL,NULL,NULL,NULL,Tosefta Bava Batra 8:8,000300330008000800000000,
,,Hebrew,3,33,8,9,,y,"בריא שכתב דייתיקי, שכיב מרע שכתב נכסיו מתנה, אע""פ שזיכה לאחר מתנה, לא עשה כלום. אבל הכותב בשם חבירו וזיכה לאחר מתנה, דבריו קיימין.",000300330008000900000000,144,testament formula,"34, 37","Capacity, Deeds of Gift as Wills","67, 77, 84, 571, 739","דיתיקי, שכיב מרע, בריא, מתנה, διαθήκη",Tosefta Bava Batra 8:9,000300330008000900000000,
,,Hebrew,3,33,8,10,,n,"הכותב דייתיקי יכול לחזור בו, מתנה, אין יכול לחזו' בו. אי זו היא דיותיקי, דא תהא לי לעמוד ולהיות, אם מתי, יינתנו נכסיי לפלני. אי זו היא מתנה, מן היום יינתנו נכסיו לפלני.",000300330008001000000000,NULL,NULL,NULL,NULL,NULL,NULL,Tosefta Bava Batra 8:10,000300330008001000000000,
,,Hebrew,3,33,8,11,,n,"הכותב דיותיקי עד שלא זכה, בין הוא ובין אחר, יכול לחזור בו. משזכה, בין הוא ובין אחר, אין יכול לחזור בו.",000300330008001100000000,NULL,NULL,NULL,NULL,NULL,NULL,Tosefta Bava Batra 8:11,000300330008001100000000,
,,Hebrew,3,33,8,12,,n,"אפטרופסין עד שלא החזיקו בנכסי יתומין יכולין לחזור בהן, משהחזיקו בנכסי יתומין, אין יכול לחזור בהן.",000300330008001200000000,NULL,NULL,NULL,NULL,NULL,NULL,Tosefta Bava Batra 8:12,000300330008001200000000,
,,Hebrew,3,33,8,13,,n,"אפטרופוס שמינהו אבי יתומין ישבע, שמינוהו בית דין, לא ישבע. אבא שאול או' אף שמינוהו בית דין ישבע, מפני שהוא כנושא שכר.",000300330008001300000000,NULL,NULL,NULL,NULL,NULL,NULL,Tosefta Bava Batra 8:13,000300330008001300000000,
,,Hebrew,3,33,8,14,,n,"אפטרופין תורמין ומעשרין מנכסי יתומין, מוכרין בתים, שדות, וכרמים, בהמה, עבדים, ושפחות, להאכיל יתומים, לעשות להם סוכה, לולב, וציצית, וכל מצות האמורות בתורה, ולקנות להם ספר תורה, ונביאים, דבר הקצוב מן התורה. אינן רשאין להוציא עבדים בני חורין, אבל מוכרין אותן לאחרים, ואחרים מוציאין אותן בני חורין. ור' או' אומ' אני בשנותן דמיו ופודה את עצמו.",000300330008001400000000,NULL,NULL,NULL,NULL,NULL,NULL,Tosefta Bava Batra 8:14,000300330008001400000000,
,,Hebrew,3,33,8,15,,n,"אין מוכרין ברחוק ליקח בקרוב, ברע, ליקח ביפה. אין דנין לחוב, ולזכות, ולהוציא ליתומים, אלא אם כן נטלו רשות מבית דין. וצריכין אפטרופין לחשב עם היתומין באחרונה דברי ר'. רבן שמעון בן גמליאל או' אין ליתומין אלא מה שהניחו להן אפטרופין.",000300330008001500000000,NULL,NULL,NULL,NULL,NULL,NULL,Tosefta Bava Batra 8:15,000300330008001500000000,
,,Hebrew,3,33,8,16,,n,"מוכרין עבדים ליקח בהן קרקעות, אבל לא קרקעות ליקח בהן עבדים. רבן שמעון בן גמליאל או' אף לא עבדים ליקח בהן קרקעות.",000300330008001600000000,NULL,NULL,NULL,NULL,NULL,NULL,Tosefta Bava Batra 8:16,000300330008001600000000,
,,Hebrew,3,33,8,17,,n,"אין בית דין עושין אפטרופין נשים, ועבדים, לכתחלה, ואם מינה אותן אביהן בחייו, עושין אפטרופוס.",000300330008001700000000,NULL,NULL,NULL,NULL,NULL,NULL,Tosefta Bava Batra 8:17,000300330008001700000000,
,,Hebrew,3,33,8,18,,n,"כתב בשטר מעות וכלים יש לי ביד פל', רשאין העדים לחתום, אבל אינו גובה עד שיביא ראיה. ר' או' או' אני שלא יחתומו עד שיטלו רשות מבית דין, וכשהוא גובה, אין צריך שיביא ראיה. הניח בנים קטנים וגדולים, והיו קטנים ניזונין ובאין בשתיקה, לא יאמרו קטנים הרי אנו ניזונין כדרך שניזונתם אתם. נשאו גדולים בחיי אביהן, לא יאמרו קטנים הרי אנו נושאין כדרך שנשאתם אתם, ולא עוד אלא אפלו הניח להן עבדים ושפחות, כלי כסף וכלי זהב, הרי אילו של עצמן.",000300330008001800000000,NULL,NULL,NULL,NULL,NULL,NULL,Tosefta Bava Batra 8:18,000300330008001800000000,
,,Hebrew,3,33,8,19,,n,"הניח בנות גדולות וקטנות, והיו גדולות ניזונות ובאות בשתיקה, [לא יאמרו קטנות הרי אנו נזונות כדרך שנזנתם אתם. נישאו גדולות בחיי אביהן], לא יאמרו קטנות הרי אנו נושאות כדרך שנשאתם אתם, ולא עוד אלא אפי' הניח להן אביהן עבדים ושפחות, כלי כסף וכלי זהב, הרי אילו של עצמן.",000300330008001900000000,NULL,NULL,NULL,NULL,NULL,NULL,Tosefta Bava Batra 8:19,000300330008001900000000,
,Sifre Numbers,Hebrew,9,132,,,,n,"לאלה תחלק הארץ בנחלה במספר שמות. הכל במשמע: ישראל כהנים ולוים גרים נשים ועבדים וטומטום ואנדרוגינוס במשמע. (במדבר י״ח:כ׳) ויאמר ה' אל אהרן בארצם לא תנחל – יצאו כהנים. ובתוך בני ישראל לא ינחלו נחלה – יצאו לוים. לשמות מטות אבותם תתנחלו – יצאו גרים ועבדים. איש לפי פקודיו – יצאו נשים וטומטום ואנדרוגינוס. רבי יאשיה אומר: ליוצאי מצרים נתחלקה הארץ, שנאמר לשמות מטות אבותם תתנחלו. מה ת""ל לאלה תחלק הארץ? – מפני קטנים. ר' יונתן אומר: לבאי הארץ נתחלקה הארץ, שנאמר לאלה תחלק הארץ. ומה ת""ל לשמות מטות אבותם? שינה המקום נחלה זו מכל נחלות שבתורה; שבכל נחלות שבתורה – חיים יורשים את המתים, וכאן מתים יורשים את החיים! רבי אומר: משל למה הדבר דומה? לב' אחים כהנים שהיו בעיר, לזה בן אחד ולזה ג' בנים. יצאו לגורן, זה נטל סאה ואלו נטלו ג' סאים, והורישו את אבותיהם – וחזרו וחלקו בשוה; וירשו מתים את החיים – וחזרו וחלקו בשוה. ר' שמעון בן אלעזר אומר: זה נטל חלקו וחלק אביו, וזה נטל חלקו וחלק אביו! נמצאת מקיים לאלה תחלק הארץ בנחלה, ונמצאת מקיים לשמות מטות אבותם תתנחלו: לרב תרבו נחלתו ולמעט תמעיט נחלתו – הרי שהיו לו בשעת יציאת מצרים ה' בנים, ובכניסתו לארץ י'; קורא אני למעט תמעיט נחלתו. הרי שיצאו עמו י' בנים ממצרים, ובכניסתם לארץ נמצאו ה'; קוראני עליהם לרב תרבו נחלתו: איש. יצאו עבדים ונשים וטומטום ואנדרוגינוס: לפי פקודיו. מלמד שלא נתחלקה ארץ ישראל אלא לכל שבט ושבט לפי מה שהוא, וכן הוא אומר (יהושע יז) וידברו בני יוסף את יהושע, ואומר אני עם רב אשר עד כה ברכני ה', ואומר ויאמר להם יהושע אם עם רב אתם עלה לך היערה ובראת לך שם בארץ הפריזי והרפאים כי אץ לך הר אפרים: יותן נחלתו – שומע אני מעורבבים? ת""ל בגורל. אי בגורל, יכול שומע אני בינו לבין עצמו? ת""ל על פי נחלתו. שומע אני בינו לבין עצמו? ת""ל (יהושע יט) על פי ה'. מגיד שלא נתחלקה ארץ ישראל אלא ברוח הקודש: אך. יצאו כלב ויהושע. וכן הוא אומר (שופטים א) ויתנו לכלב את חברון כאשר דבר משה, ואומר (יהושע יט) ויתנו בני ישראל נחלתם ליהושע בן נון בתוכם על פי ה' נתנו לו את עיר אשר שאל את תמנת סרח: לשמות מטות אבותם – יצאו גרים ועבדים על פי הגורל תחלק – מגיד שלא נתחלקה ארץ ישראל אלא בשמיון. בית כור כנגד בית סאה, ובית סאה כנגד בית כור:",NULL,NULL,NULL,NULL,NULL,NULL,NULL,NULL,000901320000000000000000,x
,,Hebrew,9,133,,,,n,"ותקרבנה בנות צלפחד – כיון ששמעו בנות צלפחד שהארץ מתחלקת לשבטים ולא לנקבות, נתקבצו כולן זו על זו ליטול עצה. אמרו: לא כרחמי ב""ו רחמי המקום! ב""ו רחמיו על הזכרים יותר מן הנקבות, אבל מי שאמר והיה העולם אינו כן, אלא על הזכרים ועל הנקבות, רחמיו על הכל, שנאמר (תהלים קמה) טוב ה' לכל ורחמיו על כל מעשיו: בן חפר בן גלעד בן מכיר בן מנשה – מגיד הכתוב שכשם שהיה צלפחד בכור – כך היו כולן בכורות; וללמדך שהיו זכאות בנות זכאי. וכל מי שמעשיו סתומים מעשה אבותיו סתומים, והכתוב מייחסו לשבח – הרי זה צדיק בן צדיק; וכל מי שמעשיו סתומים ומעשה אבותיו סתומים, והכתוב מייחסו לגנאי – הרי זה רשע בן רשע. ר' נתן אומר: בא הכתוב ללמדך שכל צדיק וצדיק שגדל בחיק רשע ולא עשה כמעשיו – להודיע כמה צדיק גדול, שגדל בחיק רשע ולא עשה כמעשיו. וכל רשע שגדל בחיק צדיק ולא עשה כמעשיו – להודיע כמה רשע גדול, שגדל בחיק צדיק ולא עשה כמעשיו. עשו גדל בין ב' צדיקים, בין יצחק ובין רבקה – ולא עשה כמעשיהם: עובדיה גדל בין ב' רשעים, בין אחאב ואיזבל – ולא עשה כמעשיהם, ונתנבא על עשו שגדל בין ב' צדיקים – בין יצחק לרבקה ולא עשה כמעשיהם; שנאמר (עובדיה א) חזון עובדיה כה אמר ה' אלהים לאדום: ולמשפחות מנשה בן יוסף – כשם שחיבב יוסף את ארץ ישראל כך חיבבו בנות צלפחד. ואלה בנות צלפחד מחלה נועה חגלה ומלכה ותרצה – או כל הקודם במקרא קודם במעשה? תלמוד לומר (במדבר לו) ותהיינה מחלה תרצה חגלה ומלכה ונועה בנות צלפחד מלמד שכולם שקולות, זו כזו: ותעמודנה לפני משה – מגיד הכתוב שלא עמדו אלא בשנת הארבעים, בשנה שמת בה אהרן שנאמר (במדבר ל״ג:ל״ח) ויעל אהרן הכהן אל הר ההר על פי ה' וימת שם בשנת הארבעים: לפני משה ולפני אלעזר הכהן – אם משה לא היה יודע, אלעזר היה יודע? אלא סרס המקרא ודרשהו, דברי ר' יאשיה. אבא חנין אומר משום ר' אליעזר: בבית המדרש היו ובאו ועמדו לפניהם: אבינו מת במדבר – ר' עקיבא אומר: נאמר כאן מדבר ונאמר להלן (במדבר טו) מדבר. מה מדבר האמור להלן צלפחד, אף מדבר האמור כאן צלפחד: והוא לא היה בתוך העדה – זו עדת מלינים: הנועדים על ה' – זו עדת מרגלים: בעדת קרח – זו עדה של קרח: כי בחטאו מת – שלא החטיא את אחרים עמו: ובנים לא היו לו – שאם היתה לו בן לא היינו תובעות: למה יגרע שם אבינו מתוך משפחתו – ר' יהודה אומר: נאמר כאן שם ונאמר להלן (דברים כה) שם. מה שם האמור להלן נחלה, אף שם האמור כאן נחלה. ומה שם האמור להלן זרע, אף שם האמור כאן זרע: כי אין לו בן – למה נאמר? והלא כבר נאמר ובנים לא היו לו! מה ת""ל כי אין לו בן? שהיו חכמות ודורשות: הא אם היה לו בן לא היינו תובעות: תנה לנו אחוזה בתוך אחי אבינו – ר' נתן אומר יפה כח נשים מכח אנשים: אנשים אומרים (במדבר י״ד:ד׳) נתנה ראש ונשובה מצרימה, ונשים אומרות תנה לנו אחוזה בתוך אחי אבינו: ויקרב משה את משפטן לפני ה' – א""ר חידקא: שמעון השקמוני היה לי חבר, מתלמידי ר' עקיבא ואמר: יודע היה משה שהבנות נוחלות. על מה נחלקו? אם ירשו בראוי כבמוחזק ואם לאו. ראויה היתה פרשת נחלות שתאמר על ידי משה, אלא שזכו בנות צלפחד שנאמרה על ידן. לכך מגלגלים זכות על ידי זכאי וחובה על ידי חייב",NULL,NULL,NULL,NULL,NULL,NULL,NULL,NULL,000901330000000000000000,x
,Sifre Deuteronomy,Hebrew,11,215,,,,n,"כי תהיין לאיש שתי נשים, שיש בהם הויה יצאו שפחה ונכרית שאין בהם הויה משמע מוציא את אלו ומוציא את היבמה ומוציא את הארוסה שאין להן הויה [תלמוד לומר שתי נשים]. רבי ישמעאל אומר בדרך ארץ הכתוב מדבר מגיד שסופו להיות שונא אותה ואוהב אחרת. וילדו לו בנים, להוציא את הספק בן תשעה לראשון בן שבעה לאחרון אין לי אלא היוצא ממקום הלידה יוצא דופן מנין תלמוד לומר וילדו לו מכל מקום. דבר אחר כי תהיין לאיש שתי נשים, אין לי אלא שהן שתים מנין אפילו הן מרובות תלמוד לומר נשים אין לי אלא בזמן שהן מרובות ומקצתן אהובות ומקצתן שנואות מנין אפילו כולן אהובות כולן שנואות תלמוד לומר אהובה האהובה, שנואה השנואה, ריבה הכתוב אין לי אלא בזמן שהן מרובות וכולן אהובות או כולן שנואות מנין אפילו הן שתים תלמוד לומר שתי נשים אין לי אלא בזמן שהן שתי נשים אחת אהובה ואחת שנואה מנין אפילו אחת והיא אהובה אפילו אחת והיא שנואה תלמוד לומר אהובה אהובה שנואה שנואה ריבה הכתוב, איזו היא אהובה אהובה לפני המקום שנואה שנואה לפני המקום יכול אין לי אלא אנוסה ומפותה שאינן לו כדרך כל הנשים מנין אלמנה לכהן גדול גרושה וחלוצה לכהן הדיוט תלמוד לומר שנואה שנואה ריבה את העריות שהן בלא תעשה ועדין לא ארבה את העריות שחייבין עליהן כרת בידי שמים תלמוד לומר שנואה שנואה ריבה את העריות שחייבים עליהן כרת בידי שמים ועדין לא ארבה את העריות שחייבים עליהן מיתת בית דין תלמוד לומר שנואה שנואה ריבה יכול אפילו שפחה אפילו נכרית תלמוד לומר כי תהיין לאיש מי שיש לו בהן הויה יצאו אלו שאין בהן הויה וילדו לו בנים, מי שהולדות שלו יצאו אלו שאין הולדות שלו. דבר אחר וילדו לו בנים, הבנים בתורה הזאת ואין הבנות בתורה הזאת, לפי שמצינו שהבנות נכנסות לנחלה תחת האחים לחלוק בשוה יכול תהא בכורה נוהגת בהן תלמוד לומר וילדו לו בנים, הבנים בתורה הזאת ואין הבנות בתורה הזאת. והיה הבן, ולא טומטום ואנדרוגינוס. הבכור, ולא הספק. לשניאה, הכתוב מבשרך שבן הבכור לשניאה",NULL,NULL,NULL,NULL,NULL,NULL,NULL,NULL,001102150000000000000000,x
,,Hebrew,11,216,,,,n,"והיה ביום הנחילו את בניו, ביום מפילים נחלות ואין מפילים נחלות בלילה. את אשר יהיה לו, מלמד שהבן נוטל בראוי כבמוחזק. לא יוכל לבכר, מלמד שאינו רשיי לבכר יכול לא יבכר ואם בכר יהא מבוכר תלמוד לומר לא יוכל לבכר הא אם בכר אינו מבוכר. את בן האהובה, כיון שיצא ראשו ורובו בחיים פוטר את הבא אחריו מן הבכורה. על פני בן השנואה הבכור, אף על פי שבן הבכור לשנואה.",NULL,NULL,NULL,NULL,NULL,NULL,NULL,NULL,001102160000000000000000,x
,,Hebrew,11,217,,,,n,"כי את הבכור בן השנואה יכיר, יכירנו לאחרים מלמד שנאמן אדם לומר זה בני בכור רבי יהודה אומר כשם שנאמן אדם לומר זה בני בכור כך נאמן לומר זה בן גרושה וזה בן חלוצה וחכמים אומרים אינו נאמן. לתת לו פי שנים, פי שנים בו או פי שנים בכל הנכסים הרי אתה דן הואיל ונוחל עם אחד ונוחל עם חמשה מה מצינו כשנוחל עם אחד פי שנים בו אף כשנוחל עם חמשה פי שנים באחד מהם או כלך לדרך זו הואיל ונוחל עם אחד ונוחל עם חמשה מה מצינו כשנוחל עם אחד פי שנים בכל הנכסים אף כשנוחל עם חמשה פי שנים בכל הנכסים תלמוד לומר והיה ביום הנחילו את בניו, ריבה נחלה לבנים, אחר שלמדנו שריבה נחלה לבנים הא אין עליך לדון אלא כדין הראשון הואיל ונוחל עם אחד ונוחל עם חמשה מה מצינו כשנוחל עם אחד פי שנים בו אף כשנוחל עם חמשה פי שנים באחד מהם וכן הוא אומר (בראשי' מח כב) ואני נתתי לך שכם אחד על אחיך ואומר (דה""א ה א) ובני ראובן בכור ישראל כי הוא הבכור ואומר (שם ה ב) כי יהודה גבר באחיו ולנגיד ממנו והבכורה ליוסף, הואיל ומצינו שהבכורה ליוסף ובכורה לדורות מה בכורה האמורה ליוסף פי שנים בו אף בכורה האמורה לדורות פי שנים באחד מהם. בכל אשר ימצא לו, מלמד שאין הבכור נוטל בראוי כבמוחזק. כי הוא ראשית אונו, ולא ראשית אונה של אשה. לו משפט הבכורה, מלמד שהבכורה יוצאה בדיינים",NULL,NULL,NULL,NULL,NULL,NULL,NULL,NULL,001102170000000000000000,x
ROMAN,XII,Latin,51,5,1,,,n,uirgo Vestalis < « a tutela libera esto.»>,005100050001000000000000,NULL,NULL,NULL,NULL,NULL,NULL,"XII 5, 1",005100050001000000000000,
,,Latin,51,5,2,,,n,<«mulieri tutor auctor esto.»>,005100050002000000000000,NULL,NULL,NULL,NULL,NULL,NULL,"XII 5, 2",005100050002000000000000,
,,Latin,51,5,3,,,n,"uti legassit super familia ?pecuniaue? tutelaue sua, ita ius esto.",005100050003000000000000,NULL,NULL,NULL,NULL,NULL,NULL,"XII 5, 3",005100050003000000000000,
,,Latin,51,5,4,,,n,"si intestato moritur, cui suus heres nec essit, agnatus proximus familiam
 ?pecuniamque? habeto.",005100050004000000000000,NULL,NULL,NULL,NULL,NULL,NULL,"XII 5, 4",005100050004000000000000,
,,Latin,51,5,5,,,n,"si agnatus nec essit, gentiles familiam ?pecuniamque? h[abento].",005100050005000000000000,NULL,NULL,NULL,NULL,NULL,NULL,"XII 5, 5",005100050005000000000000,
,,Latin,51,5,6,,,n,"i tutor nec essit, agnatus proximus tutelam habet",005100050006000000000000,NULL,NULL,NULL,NULL,NULL,NULL,"XII 5, 6",005100050006000000000000,
,,Latin,51,5,7,,,n,"si furiosus ?prodigusue? ess(i)t, agnatum gentiliumque in eo (familiaque)
 ?pecuniaque? eius potestas esto.",005100050007000000000000,NULL,NULL,NULL,NULL,NULL,NULL,"XII 5, 7",005100050007000000000000,
,,Latin,51,5,8,,,n,si libertus ... ex ea familia ... in earn familiam …,005100050008000000000000,NULL,NULL,NULL,NULL,NULL,NULL,"XII 5, 8",005100050008000000000000,
,,Latin,51,5,9,,,n,"<«familiam erciscunto ciento. si petit, iudicem arbitrumue postulato.»>",005100050009000000000000,NULL,NULL,NULL,NULL,NULL,NULL,"XII 5, 9",005100050009000000000000,
,,Latin,51,5,10,,,n,"<«familiam erciscunto ciento. si petit, iudicem arbitrumue postulato.»>",005100050010000000000000,NULL,NULL,NULL,NULL,NULL,NULL,"XII 5, 10",005100050010000000000000,
,Gaius,Latin,52,2,99,,,n," Ac prius de hereditatibus dispiciamus, quarum duplex condicio est: nam 
vel ex testamento vel ab intestato ad nos pertinent.
",005200020099000000000000,NULL,NULL,NULL,NULL,NULL,NULL,"Gai. 2, 99",005200020099000000000000,
,,Latin,52,2,100,,,n,"Et prius est, ut de his dispiciamus, quae nobis ex testamento obveniunt.",005200020100000000000000,NULL,NULL,NULL,NULL,NULL,NULL,"Gai. 2, 100",005200020100000000000000,
,,Latin,52,2,101,,,n,"estamentorum autem genera initio duo fuerunt: nam aut calatis comitiis 
testamentum faciebant, quae comitia bis in anno testamentis faciendis 
destinata erant, aut in procinctu, id est cum belli causa arma sumebant: 
procinctus est enim expeditus et armatus exercitus. alterum itaque in 
pace et in otio faciebant, alterum in proelium exituri.",005200020101000000000000,NULL,NULL,NULL,NULL,NULL,NULL,"Gai. 2, 101",005200020101000000000000,
,,Latin,52,2,102,,,n,"Accessit deinde tertium genus testamenti, quod per aes et libram agitur: 
qui neque calatis comitiis neque in procinctu testamentum fecerat, is si 
subita morte urguebatur, amico familiam suam, id est patrimonium suum, 
mancipio dabat eumque rogabat, quid cuique post mortem suam dari vellet. 
quod testamentum dicitur per aes et libram, scilicet quia per 
mancipationem peragitur.",005200020102000000000000,NULL,NULL,NULL,NULL,NULL,NULL,"Gai. 2, 102",005200020102000000000000,
,,Latin,52,2,103,,,n,"Sed illa quidem duo genera testamentorum in desuetudinem abierunt; hoc 
vero solum, quod per aes et libram fit, in usu retentum est. sane nunc 
aliter ordinatur quam olim solebat. namque olim familiae emptor, id est 
qui a testatore familiam accipiebat mancipio, heredis locum optinebat, et 
ob id ei mandabat testator, quid cuique post mortem suam dari vellet; 
nunc vero alius heres testamento instituitur, a quo etiam legata 
relinquantur, alius dicis gratia propter veteris iuris imitationem 
familiae emptor adhibetur.",005200020103000000000000,NULL,NULL,NULL,NULL,NULL,NULL,"Gai. 2, 103",005200020103000000000000,
,,Latin,52,2,104,,,n,"Eaque res ita agitur: qui facit testamentum, adhibitis, sicut in ceteris 
mancipationibus, V testibus civibus Romanis puberibus et libripende, 
postquam tabulas testamenti scripserit, mancipat alicui dicis gratia 
familiam suam. in qua re his verbis familiae emptor utitur: familiam 
pecuniamque tuam endo mandatela custodelaque mea esse aio, eaque, quo tu 
iure testamentum facere possis secundum legem publicam, hoc aere, et ut 
quidam adiciunt, aeneaque libra, esto mihi empta; deinde aere percutit 
libram idque aes dat testatori velut pretii loco. deinde testator tabulas 
testamenti tenens ita dicit: haec ita ut in his tabulis cerisque scripta 
sunt, ita do ita lego ita testor itaque vos, Quirites testimonium mihi 
perhibetote; et hoc dicitur nuncupatio: nuncupare est enim palam 
nominare, et sane quae testator specialiter in tabulis testamenti 
scripserit, ea videtur generali sermone nominare atque confirmare.",005200020104000000000000,NULL,NULL,NULL,NULL,NULL,NULL,"Gai. 2, 104",005200020104000000000000,
,,Latin,52,2,105,,,n,"In testibus autem non debet is esse, qui in potestatem est aut familiae 
emptoris aut ipsius testatoris, quia propter veteris iuris imitationem 
totum hoc negotium, quod agitur testamenti ordinandi gratia, creditur 
inter familiae emptorem agi et testatorem; quippe olim, ut proxime 
diximus, is qui familiam testatoris mancipio accipiebat, heredis loco 
erat; itaque reprobatum est in ea re domesticum testimonium.",005200020105000000000000,NULL,NULL,NULL,NULL,NULL,NULL,"Gai. 2, 105",005200020105000000000000,
,,Latin,52,2,106,,,n,"Unde et si is, qui in potestate patris est, familiae emptor adhibitus 
sit, pater eius testis esse non potest; ac ne is quidem, qui in eadem 
potestate est, velut frater eius. sed si filius familias ex castrensi 
peculio post missionem faciat testamentum, nec pater eius recte testis 
adhibetur nec is qui in potestate patris sit.",005200020106000000000000,NULL,NULL,NULL,NULL,NULL,NULL,"Gai. 2, 106",005200020106000000000000,
,,Latin,52,2,107,,,n,"De libripende eadem, quae et de testibus dicta esse intellegemus: nam et 
is testium numero est.",005200020107000000000000,NULL,NULL,NULL,NULL,NULL,NULL,"Gai. 2, 107",005200020107000000000000,
,,Latin,52,2,108,,,n,"Is vero qui in potestate heredis aut legatarii est, cuiusve heres ipse 
aut legatarius in potestatem est, quique in eiusdem potestate est, adeo 
testis et libripens adhiberi potest, ut ipse quoque heres aut legatarius 
iure adhibeantur. sed tamen quod ad heredem pertinet, quique in eius 
potestate est, cuiusve is in potestate erit, minime hoc iure uti debemus. 
/de testamentis militum. /",005200020108000000000000,NULL,NULL,NULL,NULL,NULL,NULL,"Gai. 2, 108",005200020108000000000000,
,,Latin,52,2,109,,,n,"Sed haec diligens observatio in ordinandis testamentis militibus propter 
nimiam inperitiam constitutionibus principum remissa est: nam quamvis 
neque legitimum numerum testium adhibuerint neque vendiderint familiam 
neque nuncupaverint testamentum, recte nihilo minus testantur.",005200020109000000000000,NULL,NULL,NULL,NULL,NULL,NULL,"Gai. 2, 109",005200020109000000000000,
,,Latin,52,2,110,,,n,"Praeterea permissum est iis et peregrinos et Latinos instituere heredes 
vel iis legare, cum alioquin peregrini quidem ratione civili prohibeantur 
capere hereditatem legataque, Latini vero per legem Iuniam.",005200020110000000000000,NULL,NULL,NULL,NULL,NULL,NULL,"Gai. 2, 110",005200020110000000000000,
,,Latin,52,2,111,,,n,"Caelibes quoque, qui lege Iulia hereditatem legataque capere vetantur, 
item orbi, id est qui liberos non habent, quos lex .....(48,0) ...... 
(21, 0)....",005200020111000000000000,NULL,NULL,NULL,NULL,NULL,NULL,"Gai. 2, 111",005200020111000000000000,
,,Latin,52,2,112,,,n,". ...ex auctoritate divi Hadriani senatus consultum factum est, quo 
permissum est sui iuris feminis etiam sine coemptione testamentum facere, 
si modo non minores essent annorum xii, scilicet ut quae tutela liberatae 
non essent, tutore auctore testari deberent. ",005200020112000000000000,NULL,NULL,NULL,NULL,NULL,NULL,"Gai. 2, 112",005200020112000000000000,
,,Latin,52,2,113,,,n,"Videntur ergo melioris condicionis esse feminae quam masculi: nam 
masculus minor annorum XIIII testamentum facere non potest, etiamsi 
tutore auctore testamentum facere velit, femina vero potest: nam statim 
ut maior est ? XII annorum testamenti faciundi ius nanciscitur.",005200020113000000000000,NULL,NULL,NULL,NULL,NULL,NULL,"Gai. 2, 113",005200020113000000000000,
,,Latin,52,2,114,,,n,"Igitur si quaeramus, an valeat testamentum, inprimis advertere debemus, 
an is quid id fecerit, habuerit testamenti factionem; deinde si habuerit, 
requiremus, an secundum iuris civilis regulam testatus sit, exceptis 
militibus, quibus propter nimiam imperitiam, ut diximus, quomodo velint 
vel quomodo possint, permittitur testamentum facere.",005200020114000000000000,NULL,NULL,NULL,NULL,NULL,NULL,"Gai. 2, 114",005200020114000000000000,
,,Latin,52,2,115,,,n,"Non tamen ut iure civili valeat testamentum, sufficit ea observatio, 
quam supra exposuimus de familiae venditione et de testibus et de 
nuncupationibus.",005200020115000000000000,NULL,NULL,NULL,NULL,NULL,NULL,"Gai. 2, 115",005200020115000000000000,
,,Latin,52,2,116,,,n,"Ante omnia requirendum est, an institutio heredis sollemni more facta 
sit: nam aliter facta institutione nihil proficit familiam testatoris ita 
venire testesque ita adhibere aut ita nuncupare testamentum, ut supra 
diximus.",005200020116000000000000,NULL,NULL,NULL,NULL,NULL,NULL,"Gai. 2, 116",005200020116000000000000,
,,Latin,52,2,117,,,n,"Sollemnis autem institutio haec est: Titius heres esto; sed et illa iam 
conprobata videtur : Titium heredem esse iubeo; at illa non est 
conprobata: Titium heredem esse volo; sed et illae a plerisque inprobatae 
sunt: Titium heredem instituo, item heredem facio.",005200020117000000000000,NULL,NULL,NULL,NULL,NULL,NULL,"Gai. 2, 117",005200020117000000000000,
,,Latin,52,2,118,,,n,"Observandum praeterea est, ut si mulier, quae in tutela est, faciat 
testamentum, tutore auctore facere debeat: alioquin inutiliter iure 
civili testabitur.",005200020118000000000000,NULL,NULL,NULL,NULL,NULL,NULL,"Gai. 2, 118",005200020118000000000000,
,,Latin,52,2,119,,,n,"Praetor tamen, si septem signis testium signatum sit testamentum, 
scriptis heredibus secundum tabulas testamenti bonorum possessionem 
pollicetur, si nemo sit, ad quem ab intestato iure legitimo pertineat 
hereditas, velut frater eodem patre natus aut patruus aut fratris filius. 
et ita poterunt scripti heredes retinere hereditatem: nam idem iuris est 
et si alia ex causa testamentum non valeat, velut quod familia non 
venierit aut nuncupationis verba testator locutus non sit.",005200020119000000000000,NULL,NULL,NULL,NULL,NULL,NULL,"Gai. 2, 119",005200020119000000000000,
,,Latin,52,2,120,,,n,"Sed videamus, an etiam si frater aut patruus extent, potiores scriptis 
heredibus habeantur: rescripto enim imperatoris Antonini significatur 
eos, qui secundum tabulas testamenti non iure factas bonorum possessionem 
petierint, posse adversus eos, qui ab intestato vindicant hereditatem, 
defendere se per exceptionem doli mali.",005200020120000000000000,NULL,NULL,NULL,NULL,NULL,NULL,"Gai. 2, 120",005200020120000000000000,
,,Latin,52,2,121,,,n,"Quod sane quidem ad masculorum testamenta pertinere certum est; item ad 
feminarum, quae ideo non utiliter testatae sunt, quod verbi gratia 
familiam non vendiderint aut nuncupationis verba locutae non sint. an 
autem et ad ea testamenta feminarum, quae sine tutoris auctoritate 
fecerint, haec constitutio pertineat, videbimus.",005200020121000000000000,NULL,NULL,NULL,NULL,NULL,NULL,"Gai. 2, 121",005200020121000000000000,
,,Latin,52,2,122,,,n,"Loquimur autem de his scilicet feminis, quae non in legitima parentium 
aut patronorum tutela sunt, sed /de his quae ? /alterius generis 
tutores habent, qui etiam inviti coguntur auctores fieri. alioquin 
parentem et patronum sine auctoritate eius facto testamento non summoveri 
palam est.",005200020122000000000000,NULL,NULL,NULL,NULL,NULL,NULL,"Gai. 2, 122",005200020122000000000000,
,Ulpianus,Latin,54,20,1,,,y,"Testamentum est mentis nostrae iusta contestatio in id sollemniter 
facta, ut post mortem nostram valeat.
",005400200001000000000000,NULL,NULL,29,Testaments,406,testamentum,"Ulp. 20, 1",005400200001000000000000,
,,Latin,54,20,2,,,y,"Testamentorum genera fuerunt tria, unum, quod calatis comitiis, alterum, 
quod in procinctu, tertium, quod per aes et libram appellatum est. His 
duobus testamentis abolitis hodie solum in usu est, quod per aes et 
libram fit, id est per mancipationem imaginariam. In quo testamento 
libripens adhibetur et familiae emptor et non minus quam quinque testes, 
cum quibus testamenti factio est.",005400200002000000000000,"99, 147, 148","witnesses, buyer, scale holder",36,Forms of Will,"235, 407, 408, 409, 412","mancipatio, per aes et libram, familia emptor, testamenti factio, mancipatio imaginria","Ulp. 20, 2",005400200002000000000000,
,,Latin,54,20,3,,,y,"Qui in potestate testatoris est aut familiae emptoris, testis aut 
libripens adhiberi non potest, quoniam familiae mancipatio inter 
testatorem et familiae emptorem fit, et ob id domestici testes adhibendi 
non sunt.",005400200003000000000000,"99, 145, 147, 148, 149","witnesses, mancipatory will, buyer, scale holder, testator",29,Testaments,"408, 411","familia emptor, in potestate","Ulp. 20, 3",005400200003000000000000,
,,Latin,54,20,4,,,y,"Filio familiam emente pater eius testis esse non potest.",005400200004000000000000,"99, 147","witnesses, buyer",29,Testaments,408,familia emptor,"Ulp. 20, 4",005400200004000000000000,
,,Latin,54,20,5,,,y,"Ex duobus fratribus, qui in eiusdem patris potestate sunt, alter 
familiae emptor, alter testis esse non potest, quoniam quod unus ex his 
mancipio accipit, adquirit patri, cui filius suus testis esse non debet.
",005400200005000000000000,"66, 99, 147","brother, witnesses, buyer",29,Testaments,"408, 411","familia emptor, in potestate","Ulp. 20, 5",005400200005000000000000,
,,Latin,54,20,6,,,y,"Pater et filius +  qui in potestate eius est, item duo fratres, qui in 
eiusdem patris potestate sunt, testes utrique, vel alter testis, alter 
libripens fieri possunt, alio familiam emente; quoniam nihil nocet ex una 
domo plures testes alieno negotio adhiberi.",005400200006000000000000,"66, 99, 147, 148, 150","brother, witnesses, buyer, scale holder, father",29,Testaments,"408, 411","familia emptor, in potestate","Ulp. 20, 6",005400200006000000000000,
,,Latin,54,20,7,,,y,"Mutus, surdus, furiosus, pupillus, femina neque familiae emptor esse, 
neque testis libripensve fieri potest.",005400200007000000000000,"17, 148, 151, 152, 153, 154, 155","disqualified witnesses, scale holder, woman, deaf, mentally impaired, legal disability, ward","9, 29, 50","Legal Capacity, Testaments, Mental Disability","47, 408, 420, 426","furiosus, familia emptor, mutus, pupillus","Ulp. 20, 7",005400200007000000000000,
,,Latin,54,20,8,,,y,"Latinus Iunianus et familiae emptor et testis et libripens fieri potest, 
quoniam cum eo testamenti factio est.",005400200008000000000000,"99, 147, 148, 156","witnesses, buyer, scale holder, Junian Latin","7, 9, 29","Citizenship, Legal Capacity, Testaments","408, 409","familia emptor, testamenti factio","Ulp. 20, 8",005400200008000000000000,
,,Latin,54,20,9,,,y,"In testamento, quod per aes et libram fit, duae res aguntur, familiae 
mancipatio et nuncupatio testamenti. nuncupatur testamentum in hunc 
modum: tabulas testamenti testator tenens ita dicit: ""haec ut in his 
tabulis cerisve scripta sunt, ita do lego, ita testor; itaque vos, 
Quirites, testimonium perhibetote"". Quae nuncupatio et ""testatio"" 
vocatur.",005400200009000000000000,"144, 145, 149, 157, 158","testament formula, mancipatory will, testator, nuncupation, tablets",29,Testaments,"407, 413, 414, 415","per aes et libram, nuncupatio, tabula, testatio","Ulp. 20, 9",005400200009000000000000,
,,Latin,54,20,10,,,y,"Filius familiae testamentum facere non potest, quoniam nihil suum habet, 
ut testari de eo possit. Sed divus Augustus  + Marcus constituit, ut 
filius familiae miles de eo peculio, quod in castris adquisivit, 
testamentum facere possit.",005400200010000000000000,"159, 161, 162, 163","soldier, peculium, dependents, son","9, 29","Legal Capacity, Testaments",416,filiusfamilias,"Ulp. 20, 10",005400200010000000000000,
,,Latin,54,20,11,,,y,"Qui de statu suo incertus est factus, quod patre peregre mortuo ignorat, 
se sui iuris esse, testamentum facere non potest.
",005400200011000000000000,"150, 162, 163","father, dependents, son","9, 29","Legal Capacity, Testaments","367, 417","sui iuris, incertus","Ulp. 20, 11",005400200011000000000000,
,,Latin,54,20,12,,,y,"Inpubes, licet sui iuris sit, facere testamentum non potest, quoniam 
nondum plenum iudicium animi habet.",005400200012000000000000,180,minor,"29, 49","Testaments, Minors","367, 418","sui iuris, impubes","Ulp. 20, 12",005400200012000000000000,
,,Latin,54,20,13,,,y,"Mutus, surdus, furiosus, item prodigus, cui lege bonis interdictum est, 
testamentum facere non possunt: mutus, quoniam verba nuncupationis loqui 
non potest; surdus, quoniam verba familiae emptoris exaudire non potest; 
furiosus, quoniam mentem non habet, ut testari de ea re possit; prodigus, 
quoniam commercium in illi interdictum est, et ob id familiam mancipare 
non potest.",005400200013000000000000,"152, 153, 164","deaf, mentally impaired, mute","9, 34, 50","Legal Capacity, Capacity, Mental Disability","47, 408, 419, 420, 421","furiosus, familia emptor, prodigus, mutus, surdus","Ulp. 20, 13",005400200013000000000000,
,,Latin,54,20,14,,,y,"Latinus Iunianus, item is, qui dediticiorum numero est, testamentum 
facere non potest: Latinus quidem, quoniam nominatim lege Iunia 
prohibitum est; is autem, qui dediticiorum numero est, quoniam nec quasi 
civis Romanus testari potest, cum sit peregrinus, nec quasi peregrinus, 
quoniam nullius certae civitatis civis est, ut secundum leges civitatis 
suae testetur.",005400200014000000000000,"156, 165, 167, 168","Junian Latin, freedperson, laws of another country, freedperson without citizen ri","7, 9, 29","Citizenship, Legal Capacity, Testaments","240, 422, 423, 424","peregrinus, dediticii, leges civitatis, civis Romanus","Ulp. 20, 14",005400200014000000000000,
,,Latin,54,20,15,,,y,"Feminae post duodecimum annum aetatis testamenta facere possunt, tutore 
auctore, donec in tutela sunt.",005400200015000000000000,"151, 169, 170","woman, tutor, age of legal capacity","29, 48, 49","Testaments, Guardianship, Minors",49,tutela,"Ulp. 20, 15",005400200015000000000000,
,,Latin,54,20,16,,,y,"Servus publicus populi Romani partis dimidiae testamenti faciendi habet 
ius.",005400200016000000000000,161,peculium,"8, 29","Slavery, Testaments",425,servus publicus,"Ulp. 20, 16",005400200016000000000000,
,,Latin,54,21,1,,,n,"Heres institui recte potest his verbis: ""Titius heres esto, Titius 
heres sit, Titium heredem esse iubeo""; illa autem institutio ""heredem 
instituo, heredem facio"" plerisque inprobata est.",005400210001000000000000,NULL,NULL,NULL,NULL,NULL,NULL,"Ulp. 21, 1",005400210001000000000000,
,,Latin,54,22,1,,,n,"Heredes institui possunt, qui testamenti factionem cum testatore habent.",005400220001000000000000,NULL,NULL,NULL,NULL,NULL,NULL,"Ulp. 22, 1",005400220001000000000000,
,,Latin,54,22,2,,,n,"Dediticiorum numero heres institui non potest, quia peregrinus est, cum 
quo testamenti factio non est.",005400220002000000000000,NULL,NULL,NULL,NULL,NULL,NULL,"Ulp. 22, 2",005400220002000000000000,
,,Latin,54,22,3,,,n,"Si quidem mortis testatoris tempore vel intra diem cretionis civis 
Romanus sit, heres esse potest; quodsi Latinus manserit, lege Iunia 
capere hereditatem prohibetur. Idem iuris est in persona caelibis propter 
legem Iuliam.",005400220003000000000000,NULL,NULL,NULL,NULL,NULL,NULL,"Ulp. 22, 3",005400220003000000000000,
,,Latin,54,22,4,,,n,"Incerta persona heres institui non potest, velut hoc modo: ""quisquis 
primus ad funus meum venerit, heres esto""; quoniam certum consilium debet 
esse testantis.",005400220004000000000000,NULL,NULL,NULL,NULL,NULL,NULL,"Ulp. 22, 4",005400220004000000000000,
,,Latin,54,22,5,,,n,"Nec municipia nec municipes heredes institui possunt, quoniam incertum 
corpus est, et neque cernere universi neque pro herede gerere possunt, ut 
heredes fiant: senatus consulto tamen concessum est, ut a libertis suis 
heredes institui possint. Sed fideicommissaria hereditas municipibus 
restitui potest; denique hoc senatus consulto prospectum est.
",005400220005000000000000,NULL,NULL,NULL,NULL,NULL,NULL,"Ulp. 22, 5",005400220005000000000000,
,,Latin,54,22,6,,,n,"Deos heredes instituere non possumus praeter eos, quos senatus consulto 
constitutionibus principum instituere concessum est, sicuti Iovem 
Tarpeium , Apollinem Didymaeum Mileti, Martem in Gallia, Minervam 
Iliensem, Herculem Gaditanum, Dianam Efesiam, matrem deorum Sipylenen, 
Nemesim quae Smyrnae colitur, et Caelestem Salinensem Carthaginis.
",005400220006000000000000,NULL,NULL,NULL,NULL,NULL,NULL,"Ulp. 22, 6",005400220006000000000000,
,,Latin,54,22,7,,,n,"Servos heredes instituere possumus, nostros cum libertate, alienos sine 
libertate, communes cum libertate vel sine libertate.
",005400220007000000000000,NULL,NULL,NULL,NULL,NULL,NULL,"Ulp. 22, 7",005400220007000000000000,
,,Latin,54,22,8,,,n,"Eum servum, qui tantum in bonis noster est, nec cum libertate heredem 
instituere possumus, quia Latinitatem consequitur, quod non proficit ad 
hereditatem capiendam.",005400220008000000000000,NULL,NULL,NULL,NULL,NULL,NULL,"Ulp. 22, 8",005400220008000000000000,
,,Latin,54,22,9,,,n,"Alienos servos heredes instituere possumus eos tantum, quorum cum 
dominis testamenti factionem habemus.",005400220009000000000000,NULL,NULL,NULL,NULL,NULL,NULL,"Ulp. 22, 9",005400220009000000000000,
,,Latin,54,22,10,,,n,"Communis servus cum libertate recte quidem heres instituitur quasi 
proprius pro parte nostra; sine libertate autem quasi alienus propter 
socii partem.",005400220010000000000000,NULL,NULL,NULL,NULL,NULL,NULL,"Ulp. 22, 10",005400220010000000000000,
,,Latin,54,22,11,,,n,"Proprius servus cum libertate heres institutus si quidem in eadem causa 
permanserit, ex testamento liber et heres fit, id est necessarius.
",005400220011000000000000,NULL,NULL,NULL,NULL,NULL,NULL,"Ulp. 22, 11",005400220011000000000000,
,,Latin,54,22,12,,,n,"Quod si ab ipso testatore vivente manumissus vel alienatus sit, suo 
arbitrio vel iussu emptoris hereditatem adire potest. Sed si sine 
libertate sit institutus, omnino non consistit institutio.",005400220012000000000000,NULL,NULL,NULL,NULL,NULL,NULL,"Ulp. 22, 12",005400220012000000000000,
,,Latin,54,22,13,,,n,"Alienus servus heres institutus si quidem in ea causa permanserit, iussu 
domini debet hereditatem adire; quod si vivo testatore manumissus aut 
alienatus a domino fuerit, aut suo arbitrio aut iussu emptoris poterit 
adire hereditatem.
",005400220013000000000000,NULL,NULL,NULL,NULL,NULL,NULL,"Ulp. 22, 13",005400220013000000000000,
,,Latin,54,22,14,,,n,"Sui heredes instituendi sunt vel exheredandi. sui autem heredes sunt 
liberi, quos in potestate habemus, tam naturales quam adoptivi; item 
uxor, quae in manu est, et nurus, quae in manu est filii, quem in 
potestate habemus.",005400220014000000000000,NULL,NULL,NULL,NULL,NULL,NULL,"Ulp. 22, 14",005400220014000000000000,
,,Latin,54,22,15,,,n,"Postumi quoque liberi, id est, qui in utero sunt, si tales sunt, ut nati 
in potestate nostra futuri sint, suorum heredum numero sunt.",005400220015000000000000,NULL,NULL,NULL,NULL,NULL,NULL,"Ulp. 22, 15",005400220015000000000000,
,,Latin,54,22,16,,,n,"Ex suis heredibus filius quidem neque heres institutus, neque nominatim 
exheredatus, non patitur valere testamentum.",005400220016000000000000,NULL,NULL,NULL,NULL,NULL,NULL,"Ulp. 22, 16",005400220016000000000000,
,,Latin,54,22,17,,,n,"Reliquae vero personae liberorum, velut filia, nepos, neptis, si 
praeteritae sint, valet testamentum, scriptis heredibus adcrescunt, suis 
quidem heredibus in partem virilem, extraneis autem in partem dimidiam.",005400220017000000000000,NULL,NULL,NULL,NULL,NULL,NULL,"Ulp. 22, 17",005400220017000000000000,
,,Latin,54,22,18,,,n,"Postumi quoque liberi cuiuscumque sexus omissi, quod valuit testamentum, 
agnatione rumpunt.",005400220018000000000000,NULL,NULL,NULL,NULL,NULL,NULL,"Ulp. 22, 18",005400220018000000000000,
,,Latin,54,22,19,,,n,"Eos, qui in utero sunt, si nati sui heredes nobis futuri sunt, possumus 
instituere heredes: si quidem post mortem nostram nascantur, ex iure 
civili; si vero viventibus nobis, ex lege Iunia.
",005400220019000000000000,NULL,NULL,NULL,NULL,NULL,NULL,"Ulp. 22, 19",005400220019000000000000,
,,Latin,54,22,20,,,n,"Filius, qui in potestate est, si non instituatur heres, nominatim 
exheredari debet; reliqui sui heredes utriusque sexus aut nominatim aut 
inter ceteros.
",005400220020000000000000,NULL,NULL,NULL,NULL,NULL,NULL,"Ulp. 22, 20",005400220020000000000000,
,,Latin,54,22,21,,,n," Postumus filius nominatim exheredandus est; filia postuma ceteraeque 
postumae feminae vel nominatim vel inter ceteros; dummodo inter ceteris 
exheredatis aliquid legetur.
",005400220021000000000000,NULL,NULL,NULL,NULL,NULL,NULL,"Ulp. 22, 21",005400220021000000000000,
,,Latin,54,22,22,,,n,"Nepotes et pronepotes ceterique masculi postumi praeter filium vel 
nominatim vel inter ceteros cum adiectione legati sunt exheredandi; sed 
tutius est tamen nominatim eos exheredari; et id observatur magis.",005400220022000000000000,NULL,NULL,NULL,NULL,NULL,NULL,"Ulp. 22, 22",005400220022000000000000,
,,Latin,54,22,23,,,n,"Emancipatos liberos quamvis iure civili neque heredes instituere neque 
exheredare necesse sit, tamen praetor iubet, si non instituantur heredes, 
exheredari, masculos omnes nominatim, feminas vel inter ceteros; alioquin 
contra tabulas bonorum possessionem eis pollicetur.",005400220023000000000000,NULL,NULL,NULL,NULL,NULL,NULL,"Ulp. 22, 23",005400220023000000000000,
,,Latin,54,22,24,,,n,"Inter necessarios heredes, id est servos cum libertate heredes scriptos, 
et suos et necessarios, id est liberos, qui in potestate sunt, iure 
civili nihil interest: nam utrique etiam inviti heredes sunt. Sed iure 
praetorio suis et necessariis heredibus abstinere se a parentis 
hereditate permittitur; necessariis autem tantum heredibus abstinendi 
potestas non datur.",005400220024000000000000,NULL,NULL,NULL,NULL,NULL,NULL,"Ulp. 22, 24",005400220024000000000000,
,,Latin,54,22,25,,,n,"Extraneus heres si quidem cum cretione sit heres institutus, cernendo 
fit heres; si vero sine cretione, pro herede gerendo.",005400220025000000000000,NULL,NULL,NULL,NULL,NULL,NULL,"Ulp. 22, 25",005400220025000000000000,
,,Latin,54,22,26,,,n,"Pro herede gerit, qui rebus hereditariis tamquam dominus utitur, velut 
qui auctionem rerum hereditariarum facit, aut servis hereditariis cibaria 
dat.",005400220026000000000000,NULL,NULL,NULL,NULL,NULL,NULL,"Ulp. 22, 26",005400220026000000000000,
,,Latin,54,22,27,,,n,"Cretio est certorum dierum spatium, quod datur instituto heredi ad 
deliberandum, utrum expediat ei adire hereditatem nec ne, velut: "" Titius 
heres esto cernitoque in diebus centum proximis, quibus scieris 
poterisque. nisi ita creveris, exheres esto"".",005400220027000000000000,NULL,NULL,NULL,NULL,NULL,NULL,"Ulp. 22, 27",005400220027000000000000,
,,Latin,54,22,28,,,n,"""cernere"" est verba cretionis dicere ad hunc modum: ""quod me Maevius 
heredem instituit, eam hereditatem adeo cernoque"".",005400220028000000000000,NULL,NULL,NULL,NULL,NULL,NULL,"Ulp. 22, 28",005400220028000000000000,
,,Latin,54,22,29,,,n,"Sine cretione heres institutus si constituerit, nolle se heredem esse, 
statim excluditur ab hereditate, et amplius eam adire non potest.",005400220029000000000000,NULL,NULL,NULL,NULL,NULL,NULL,"Ulp. 22, 29",005400220029000000000000,
,,Latin,54,22,30,,,n,"Cum cretione vero heres institutus sicut cernendo fit heres, ita non 
aliter excluditur, quam si intra diem cretionis non creverit: ideoque 
etiamsi constituerit, nolle se heredem esse, tamen, si supersint dies 
cretionis, paenitentia actus cernendo heres fieri potest.
",005400220030000000000000,NULL,NULL,NULL,NULL,NULL,NULL,"Ulp. 22, 30",005400220030000000000000,
,,Latin,54,22,31,,,n,"Cretio aut vulgaris dicitur aut continua: vulgaris, in qua adiciuntur 
haec verba: ""quibus scieris poterisque""; continua, in qua non 
adiciuntur.
",005400220031000000000000,NULL,NULL,NULL,NULL,NULL,NULL,"Ulp. 22, 31",005400220031000000000000,
,,Latin,54,22,32,,,n,"Ei, qui vulgarem cretionem habet, dies illi dumtaxat computantur, quibus 
scivit, se heredem institutum esse, et potuit cernere; ei vero, qui 
continuam habet cretionem, etiam illi dies computantur, quibus ignoravit 
se heredem institutum, aut scivit quidem, sed non potuit cernere.
",005400220032000000000000,NULL,NULL,NULL,NULL,NULL,NULL,"Ulp. 22, 32",005400220032000000000000,
,,Latin,54,22,33,,,n,"Heredes aut instituti dicuntur aut substituti: instituti, qui primo 
gradu scripti sunt; substituti, qui secundo gradu vel sequentibus heredes 
scripti sunt, velut: ""Titius heres esto cernitoque in diebus proximis 
centum, quibus scies poterisque. nisi ita creveris, exheres esto. tunc 
Mevius heres esto cernitoque in diebus et reliqua"". similiter et deinceps 
substitui potest.",005400220033000000000000,NULL,NULL,NULL,NULL,NULL,NULL,"Ulp. 22, 33",005400220033000000000000,
,,Latin,54,22,34,,,n,"Si sub inperfecta cretione heres institutus sit, id est non adiectis his 
verbis: ""si non creveris, exheres esto"", sed si ita: ""si non creveris, 
tunc Mevius heres esto"", cernendo quidem superior inferiorem excludit; 
non cernendo autem, sed pro herede gerendo in partem admittit 
substitutum: sed postea divus Marcus constituit, ut et pro herede gerendo 
ex asse fiat heres. Quodsi neque creverit, neque pro herede gesserit, 
ipse excluditur, et substitutus ex asse fit heres.",005400220034000000000000,NULL,NULL,NULL,NULL,NULL,NULL,"Ulp. 22, 34",005400220034000000000000,
,,Latin,54,23,1,,,n,"Testamentum iure factum infirmatur duobus modis, si ruptum aut inritum 
factum sit.",005400230001000000000000,NULL,NULL,NULL,NULL,NULL,NULL,"Ulp. 23, 1",005400230001000000000000,
,,Latin,54,23,2,,,n,"Rumpitur testamentum mutatione, id est, si postea aliud testamentum iure 
factum sit; item agnatione, id est, si suus heres agnascatur, qui neque 
heres institutus, neque ut oportet exheredatus sit.",005400230002000000000000,NULL,NULL,NULL,NULL,NULL,NULL,"Ulp. 23, 2",005400230002000000000000,
,,Latin,54,23,3,,,n,"Agnascitur suus heres aut agnascendo, aut adoptando, aut in manum 
conveniendo, aut in locum sui heredis succedendo, velut nepos mortuo 
filio vel emancipato, aut manumissione, id est, si filius ex prima 
secundave mancipatione manumissus reversus sit in patris potestatem.",005400230003000000000000,NULL,NULL,NULL,NULL,NULL,NULL,"Ulp. 23, 3",005400230003000000000000,
,,Latin,54,23,4,,,n,"Inritum fit testamentum, si testator capite diminutus fuerit, aut si 
iure facto testamento nemo extiterit heres.
",005400230004000000000000,NULL,NULL,NULL,NULL,NULL,NULL,"Ulp. 23, 4",005400230004000000000000,
,,Latin,54,23,5,,,n,"Si is, qui testamentum fecit, ab hostibus captus sit, testamentum eius 
valet, si quidem reversus fuerit, iure postliminii; si vero ibi 
decesserit, ex lege Cornelia, quae perinde successionem eius confirmat, 
atque si in civitate decessisset.",005400230005000000000000,NULL,NULL,NULL,NULL,NULL,NULL,"Ulp. 23, 5",005400230005000000000000,
,,Latin,54,23,6,,,n,"Si septem signis testium signatum sit testamentum, licet iure civili 
ruptum vel irritum factum sit, praetor scriptis heredibus iuxta tabulas 
bonorum possessionem dat, si testator et civis Romanus et suae 
potestatis, cum moreretur, fuit; quam bonorum possessionem cum re, id est 
cum effectu, habent, si nemo alius iure heres sit.",005400230006000000000000,NULL,NULL,NULL,NULL,NULL,NULL,"Ulp. 23, 6",005400230006000000000000,
,,Latin,54,23,7,,,n,"Liberis inpuberibus in potestate manentibus, tam natis quam postumis, 
heredes substituere parentes possunt duplici modo, id est aut eo, quo 
extraneis, ut, si heredes non extiterint liberi, substitutus heres fiat; 
aut proprio iure, ut si post mortem parentis heredes facti intra 
pubertatem decesserint, substitutus heres fiat.",005400230007000000000000,NULL,NULL,NULL,NULL,NULL,NULL,"Ulp. 23, 7",005400230007000000000000,
,,Latin,54,23,8,,,n, Etiam exheredatis filiis substituere parentibus licet.,005400230008000000000000,NULL,NULL,NULL,NULL,NULL,NULL,"Ulp. 23, 8",005400230008000000000000,
,,Latin,54,23,9,,,n,"Non aliter inpuberi filio substituere quis heredem potest, quam si sibi 
quis heredem instituerit vel ipsum filium vel quemlibet alium.",005400230009000000000000,NULL,NULL,NULL,NULL,NULL,NULL,"Ulp. 23, 9",005400230009000000000000,
,,Latin,54,23,10,,,n,"Milites quomodocumque fecerint testamenta, valent, id est etiam sine 
legitima observatione. Nam principalibus constitutionibus permissum est 
illis, quomodocumque vellent, quomodocumque possent, testari. idque 
testamentum, quod miles contra iuris regulam fecit, ita demum valet, si 
vel in castris mortuus sit, vel post missionem intra annum.",005400230010000000000000,NULL,NULL,NULL,NULL,NULL,NULL,"Ulp. 23, 10",005400230010000000000000,
,,Latin,54,24,1,,,n,"Legatum est, quod legis modo, id est imperative, testamento relinquitur. 
Nam ea, quae precativo modo relinquuntur, fideicommissa vocantur.",005400240001000000000000,NULL,NULL,NULL,NULL,NULL,NULL,"Ulp. 24, 1",005400240001000000000000,
,,Latin,54,24,2,,,n,"Legamus autem quattuor modis: per vindicationem, per damnationem, 
sinendi modo, per praeceptionem.",005400240002000000000000,NULL,NULL,NULL,NULL,NULL,NULL,"Ulp. 24, 2",005400240002000000000000,
,,Latin,54,24,3,,,n,"Per vindicationem his verbis legamus: ""do lego, capito, sumito, sibi 
habeto"".",005400240003000000000000,NULL,NULL,NULL,NULL,NULL,NULL,"Ulp. 24, 3",005400240003000000000000,
,,Latin,54,24,4,,,n,"Per damnationem his verbis: ""heres meus damnas esto dare, dato, facito, 
heredem meum dare iubeo"".",005400240004000000000000,NULL,NULL,NULL,NULL,NULL,NULL,"Ulp. 24, 4",005400240004000000000000,
,,Latin,54,24,5,,,n,"Sinendi modo ita: ""heres meus damnas esto sinere Lucium Titium sumere 
illam rem sibique habere"".",005400240005000000000000,NULL,NULL,NULL,NULL,NULL,NULL,"Ulp. 24, 5",005400240005000000000000,
,,Latin,54,24,6,,,n,"Per praeceptionem sic: ""Lucius Titius illam rem praecipito"".
",005400240006000000000000,NULL,NULL,NULL,NULL,NULL,NULL,"Ulp. 24, 6",005400240006000000000000,
,,Latin,54,24,7,,,n,"Per vindicationem legari possunt res, quae utroque tempore ex iure 
Quiritium testatoris fuerunt, mortis, et quo testamentum faciebat, 
praeterquam si pondere, numero, mensura contineantur; in his enim satis 
est, si vel mortis dumtaxat tempore fuerint ex iure Quiritium.
",005400240007000000000000,NULL,NULL,NULL,NULL,NULL,NULL,"Ulp. 24, 7",005400240007000000000000,
,,Latin,54,24,8,,,n,"Per damnationem omnes res legari possunt, etiam quae non sunt 
testatoris, dummodo tales sint, quae dari possint.",005400240008000000000000,NULL,NULL,NULL,NULL,NULL,NULL,"Ulp. 24, 8",005400240008000000000000,
,,Latin,54,24,9,,,n,"Liber homo aut res populi aut sacra aut religiosa nec per damnationem 
legari potest, quoniam dari non potest.",005400240009000000000000,NULL,NULL,NULL,NULL,NULL,NULL,"Ulp. 24, 9",005400240009000000000000,
,,Latin,54,24,10,,,n, Sinendi modo legari possunt res propriae testatoris et heredis eius.,005400240010000000000000,NULL,NULL,NULL,NULL,NULL,NULL,"Ulp. 24, 10",005400240010000000000000,
,,Latin,54,24,11,,,n,"Per praeceptionem legari possunt res, quae etiam per vindicationem.",005400240011000000000000,NULL,NULL,NULL,NULL,NULL,NULL,"Ulp. 24, 11",005400240011000000000000,
,,Latin,54,24,12,,,n,"Si ea res, quae non fuit utroque tempore testatoris ex iure 
Quiritium, per vindicationem legata sit, licet iure civili non valeat 
legatum, tamen senatus consulto Neroniano firmatur; quo cautum est, ut 
quod minus pactis aptis +  verbis legatum est, perinde sit, ac si optimo 
iure legatum esset: optimum autem ius legati per damnationem est.",005400240012000000000000,NULL,NULL,NULL,NULL,NULL,NULL,"Ulp. 24, 12",005400240012000000000000,
,,Latin,54,24,13,,,n," Si duobus eadem res per vindicationem legata sit, sive coniunctim velut 
"" Titio hominem Stichum do lego, Seio eundem hominem do lego"", iure 
civili concursu partes fiebant; non concurrente altero pars eius alteri 
adcrescebat: sed post legem Papiam Poppaeam non capientis pars caduca 
fit.",005400240013000000000000,NULL,NULL,NULL,NULL,NULL,NULL,"Ulp. 24, 13",005400240013000000000000,
,,Latin,54,24,14,,,n,"Si per damnationem eadem res duobus legata sit, si quidem coniunctim, 
singulis partes debentur et non capientis pars iure civili in hereditate 
remanebat, nunc autem caduca fit; quodsi disiunctim, singulis solidum 
debetur.",005400240014000000000000,NULL,NULL,NULL,NULL,NULL,NULL,"Ulp. 24, 14",005400240014000000000000,
,,Latin,54,24,15,,,n,"Optione autem legati per vindicationem data, legatarii electio est, 
veluti: ""hominem optato, elegito"", idemque est et si tacite ... Hominem 
... Heres ... Hominem dare, heredis electio est, .... velit dare.",005400240015000000000000,NULL,NULL,NULL,NULL,NULL,NULL,"Ulp. 24, 15",005400240015000000000000,
,,Latin,54,24,16,,,n,"Ante heredis institutionem legari non potest, quoniam et potestas 
testamenti ab heredis institutione incipit.",005400240016000000000000,NULL,NULL,NULL,NULL,NULL,NULL,"Ulp. 24, 16",005400240016000000000000,
,,Latin,54,24,17,,,n,"Post mortem heredis legari non potest, ne ab heredis herede legari 
videatur, quod iuris civilis ratio non patitur. In mortis autem heredis 
tempus legari potest, velut ""cum heres moriatur"".",005400240017000000000000,NULL,NULL,NULL,NULL,NULL,NULL,"Ulp. 24, 17",005400240017000000000000,
,,Latin,54,24,18,,,n,"Poenae causa legari non potest. Poenae autem causa legatur, quod 
coercendi heredis causa relinquitur, ut faciat quid aut non faciat, non 
ut ad legatarium pertineat, ut puta hoc modo: ""si filiam tuam in 
matrimonio Titio conclaveris, decem milia Seio dato.""
",005400240018000000000000,NULL,NULL,NULL,NULL,NULL,NULL,"Ulp. 24, 18",005400240018000000000000,
,,Latin,54,24,19,,,n,"Incertae personae legari non potest, veluti ""quicumque filio meo filiam 
suam in matrimonio conlocaverit, ei heres meus tot milia dato."" Sub certa 
tamen demonstratione incertae personae legari potest, velut ""ex cognatis 
meis, qui nunc sunt, qui primus ad funus meum venerit, ei heres meus 
illud dato.""",005400240019000000000000,NULL,NULL,NULL,NULL,NULL,NULL,"Ulp. 24, 19",005400240019000000000000,
,,Latin,54,24,20,,,n,"Neque ex falsa demonstratione, neque ex falsa causa legatum infirmatur. 
falsa demonstratio est velut ""Titio fundum, quem a Titio emi, do lego, ""
cum is fundus a Titio emptus non sit. falsa causa est velut ""Titio, 
quoniam negotia mea curavit, fundum do lego, ""ut negotia eius numquam 
Titius curasset.",005400240020000000000000,NULL,NULL,NULL,NULL,NULL,NULL,"Ulp. 24, 20",005400240020000000000000,
,,Latin,54,24,21,,,n,A legatario legari non potest.,005400240021000000000000,NULL,NULL,NULL,NULL,NULL,NULL,"Ulp. 24, 21",005400240021000000000000,
,,Latin,54,24,22,,,n,"Legatum ab eo tantum dari potest, qui.... Ideoque filio familiae herede 
instituto vel servo, neque a patre neque a domino legari potest.",005400240022000000000000,NULL,NULL,NULL,NULL,NULL,NULL,"Ulp. 24, 22",005400240022000000000000,
,,Latin,54,24,23,,,n,Heredi a semet ipso legari non potest.,005400240023000000000000,NULL,NULL,NULL,NULL,NULL,NULL,"Ulp. 24, 23",005400240023000000000000,
,,Latin,54,24,24,,,n,"Ei, qui in potestate, manu mancipiove est scripti heredis, sub 
condicione legari potest, ut requiratur, an, quo tempore dies legati 
cedit, in potestate heredis non sit.
",005400240024000000000000,NULL,NULL,NULL,NULL,NULL,NULL,"Ulp. 24, 24",005400240024000000000000,
,,Latin,54,24,25,,,n,"Ei, cuius in potestate, manu mancipiove est heres scriptus, legari non 
potest.",005400240025000000000000,NULL,NULL,NULL,NULL,NULL,NULL,"Ulp. 24, 25",005400240025000000000000,
,,Latin,54,24,26,,,n,"Sicut singulae res legari possunt, ita universarum quoque summa legari 
potest, ut puta hoc modo: ""heres meus cum Titio hereditatem meam 
partito, dividito;"" quo casu dimidia pars bonorum legata videtur: potest 
autem et alia pars, velut tertia vel quarta, legari. Quae species ""
partitio"".....",005400240026000000000000,NULL,NULL,NULL,NULL,NULL,NULL,"Ulp. 24, 26",005400240026000000000000,
,,Latin,54,24,27,,,n,"Ususfructus legari potest iure civili earum rerum, quarum salva 
substantia utendi fruendi potest esse facultas; et tam singularum rerum, 
quam plurium, id est partis.",005400240027000000000000,NULL,NULL,NULL,NULL,NULL,NULL,"Ulp. 24, 27",005400240027000000000000,
,,Latin,54,24,28,,,n,"Senatus consulto cautum est, ut etiamsi earum rerum, quae in abusu 
continentur, ut puta vini, olei, tritici, ususfructus legatus sit, 
legatario res tradantur, cautionibus interpositis de restituendis eis, 
cum ususfructus ad legatarium pertinere desierit.",005400240028000000000000,NULL,NULL,NULL,NULL,NULL,NULL,"Ulp. 24, 28",005400240028000000000000,
,,Latin,54,24,29,,,n,"Civitatibus omnibus, quae sub imperio populi Romani sunt, legari potest; 
idque a divo Nerva introductum, postea a senatu auctore Hadriano 
diligentius constitutum est.
",005400240029000000000000,NULL,NULL,NULL,NULL,NULL,NULL,"Ulp. 24, 29",005400240029000000000000,
,,Latin,54,24,30,,,n,"Legatum, quod datum est, adimi potest vel eodem testamento, vel 
codicillis testamento confirmatis; dum tamen eodem modo adimatur, quo 
modo datum est.",005400240030000000000000,NULL,NULL,NULL,NULL,NULL,NULL,"Ulp. 24, 30",005400240030000000000000,
,,Latin,54,24,31,,,n,"Ad heredem legatarii legata non aliter transeunt, nisi si iam die 
legatorum cedente legatarius decesserit.",005400240031000000000000,NULL,NULL,NULL,NULL,NULL,NULL,"Ulp. 24, 31",005400240031000000000000,
,,Latin,54,24,32,,,n,"Legatorum, quae pure vel in diem certum relicta sunt, dies cedit antiquo 
quidem iure ex mortis testatoris tempore; per legem autem Papiam Poppaeam 
ex apertis tabulis testamenti; eorum vero, quae sub condicione relicta 
sunt, cum conditio extiterit.
",005400240032000000000000,NULL,NULL,NULL,NULL,NULL,NULL,"Ulp. 24, 32",005400240032000000000000,
,,Latin,54,24,33,,,n,"Lex Falcidia iubet, non plus quam dodrantem totius patrimonii legari, ut 
omnimodo quadrans integer apud heredem remaneat.
",005400240033000000000000,NULL,NULL,NULL,NULL,NULL,NULL,"Ulp. 24, 33",005400240033000000000000,
,,Latin,54,24,34,,,n,"Legatorum perperam solutorum repetitio non est.
",005400240034000000000000,NULL,NULL,NULL,NULL,NULL,NULL,"Ulp. 24, 34",005400240034000000000000,
,,Latin,54,25,1,,,n,"Fideicommissum est, quod non civilibus verbis, sed precative 
relinquitur, nec ex rigore iuris civilis proficiscitur, sed ex voluntate 
datur relinquentis.",005400250001000000000000,NULL,NULL,NULL,NULL,NULL,NULL,"Ulp. 25, 1",005400250001000000000000,
,,Latin,54,25,2,,,n,"Verba fideicommissorum in usu fere haec sunt: ""fideicommitto"", ""peto"", 
"" volo dari"" et similia.",005400250002000000000000,NULL,NULL,NULL,NULL,NULL,NULL,"Ulp. 25, 2",005400250002000000000000,
,,Latin,54,25,3,,,n, Etiam nutu relinquere fideicommissum in usu receptum est.,005400250003000000000000,NULL,NULL,NULL,NULL,NULL,NULL,"Ulp. 25, 3",005400250003000000000000,
,,Latin,54,25,4,,,n,"Fideicommissum relinquere possunt, qui testamentum facere possunt, licet 
non fecerint: nam intestatus quis moriturus fideicommissum relinquere 
potest.",005400250004000000000000,NULL,NULL,NULL,NULL,NULL,NULL,"Ulp. 25, 4",005400250004000000000000,
,,Latin,54,25,5,,,n,"Res per fideicommissum relinqui possunt, quae etiam per damnationem 
legari possunt.",005400250005000000000000,NULL,NULL,NULL,NULL,NULL,NULL,"Ulp. 25, 5",005400250005000000000000,
,,Latin,54,25,6,,,n," Fideicommissa dari possunt his, quibus legari potest.
",005400250006000000000000,NULL,NULL,NULL,NULL,NULL,NULL,"Ulp. 25, 6",005400250006000000000000,
,,Latin,54,25,7,,,n," Latini Iuniani fideicommissum capere possunt, licet legatum capere non 
possint.",005400250007000000000000,NULL,NULL,NULL,NULL,NULL,NULL,"Ulp. 25, 7",005400250007000000000000,
,,Latin,54,25,8,,,n,"Fideicommissum et ante heredis institutionem, et post mortem heredis, et 
codicillis etiam confirmatis testamento dari potest, licet legari non 
possit.",005400250008000000000000,NULL,NULL,NULL,NULL,NULL,NULL,"Ulp. 25, 8",005400250008000000000000,
,,Latin,54,25,9,,,n,"Item Graece fideicommissum scriptum valet, licet legatum Graece scriptum 
non valeat.",005400250009000000000000,NULL,NULL,NULL,NULL,NULL,NULL,"Ulp. 25, 9",005400250009000000000000,
,,Latin,54,25,10,,,n,"Filio, qui in potestate est, servove heredis institutis, seu his legatum 
sit, partis vel domini fidei committi potest, quamvis ab eo legari non 
possit.
",005400250010000000000000,NULL,NULL,NULL,NULL,NULL,NULL,"Ulp. 25, 10",005400250010000000000000,
,,Latin,54,25,11,,,n,"Qui testamento heres institutus est, codicillis etiam non confirmatis 
rogari potest, vel ut hereditatem totam vel ex parte alii restituat, 
quamvis directo heres institui ne quidem confirmatis codicillis possit.",005400250011000000000000,NULL,NULL,NULL,NULL,NULL,NULL,"Ulp. 25, 11",005400250011000000000000,
,,Latin,54,25,12,,,n,"Fideicommissa non per formulam petuntur, ut legata, sed cognitio est 
Romae quidem consulum aut praetoris, qui ""fideicommissarius"" vocatur; in 
provinciis vero praesidum provinciarum.",005400250012000000000000,NULL,NULL,NULL,NULL,NULL,NULL,"Ulp. 25, 12",005400250012000000000000,
,,Latin,54,25,13,,,n,Poenae causa vel incertae personae ne quidem fideicommissa dari possunt.,005400250013000000000000,NULL,NULL,NULL,NULL,NULL,NULL,"Ulp. 25, 13",005400250013000000000000,
,,Latin,54,25,14,,,n,"Is, qui rogatus est, alii restituere hereditatem, lege quidem Falcidia 
locum non habente, quoniam non plus puta quam dodrantem restituere 
rogatus est, ex Trebelliano senatus consulto restituit, ut ei et in eum 
dentur actiones, cui restituta est hereditas. Lege autem Falcidiae 
interveniente, quoniam plus dodrantem vel etiam totam hereditatem 
restituere rogatus sit ex Pegasiano senatus consulto restituit, ut 
deducta parte quarta ipsi, qui scriptus est heres, et in ipsum actiones 
conserventur; is autem, qui recipit hereditatem, legatarii loco habeatur.",005400250014000000000000,NULL,NULL,NULL,NULL,NULL,NULL,"Ulp. 25, 14",005400250014000000000000,
,,Latin,54,25,15,,,n,"Ex Pegasiano senatus consulto restituta hereditate commoda et incommoda 
hereditatis communicantur inter heredem et eum, cui reliquae partes 
restitutae sunt, interpositis stipulationibus ad exemplum partis et pro 
parte stipulationum. ""Partis autem et pro parte stipulationes"" proprie 
dicuntur, quae de lucro et damno communicando solent interponi inter 
heredem et legatarium partiarum, id est, cum quo partitus est heres.",005400250015000000000000,NULL,NULL,NULL,NULL,NULL,NULL,"Ulp. 25, 15",005400250015000000000000,
,,Latin,54,25,16,,,n,"Si heres damnosam hereditatem dicat, cogitur a praetore adire et 
restituere totam, ita ut ei et in eum, qui recipit hereditatem, actiones 
dentur, proinde atque si ex Trebelliano senatus consulto restituta 
fuisset.
",005400250016000000000000,NULL,NULL,NULL,NULL,NULL,NULL,"Ulp. 25, 16",005400250016000000000000,
,,Latin,54,25,17,,,n,"Si quis in fraudem tacitam fidem accommodaverit, non ut capienti 
fideicommissum restituat, nec quadrantem eum deducere senatus censuit, 
nec caducum vindicare ex eo testamento, si liberos habeat.
",005400250017000000000000,NULL,NULL,NULL,NULL,NULL,NULL,"Ulp. 25, 17",005400250017000000000000,
,,Latin,54,25,18,,,n,Libertas dari potest per fideicommissum.,005400250018000000000000,NULL,NULL,NULL,NULL,NULL,NULL,"Ulp. 25, 18",005400250018000000000000,
,,Latin,54,26,1,,,n,"Intestatorum ingenuorum hereditates pertinent primum ad suos heredes, id 
est liberos, qui in potestate sunt, ceterosque, qui in liberorum loco 
sunt; si sui heredes non sunt, ad consanguineos, id est fratres et 
sorores ex eodem patre; si nec hi sunt, ad reliquos agnatos proximos, id 
est cognatos virilis sexus, per mares descendentes, eiusdem familiae: id 
enim cautum est lege duodecim tabularum hac: ""si intestato moritur, cui 
suus heres nec est, agnatus proximus familiam habeto"".",005400260001000000000000,NULL,NULL,NULL,NULL,NULL,NULL,"Ulp. 26, 1",005400260001000000000000,
,,Latin,54,26,2,,,n,"Si defuncti sit filius, ex altero filio, mortuo iam, nepos unus vel 
etiam plures, ad omnes hereditas pertinet, non ut in capita dividatur, 
sed in stirpes, id est, ut filius solus mediam partem habeat et nepotes, 
quotquot sunt, alteram dimidiam: aequum est enim, nepotes in patris sui 
locum succedere et eam partem habere, quam pater eorum, si viveret, 
habiturus esset.",005400260002000000000000,NULL,NULL,NULL,NULL,NULL,NULL,"Ulp. 26, 2",005400260002000000000000,
,,Latin,54,26,3,,,n,"Quamdiu suus heres speratur heres fieri posse, tamdiu locus agnatis non 
est; velut si uxor defuncti praegnans sit, aut filius apud hostes sit.",005400260003000000000000,NULL,NULL,NULL,NULL,NULL,NULL,"Ulp. 26, 3",005400260003000000000000,
,,Latin,54,26,4,,,n,"Agnatorum hereditates dividuntur in capita; velut si sit fratris filius 
et alterius fratris duo pluresve liberi, quotquot sunt ab utraque parte 
personae, tot fiunt portiones, ut singuli singulas capiant.",005400260004000000000000,NULL,NULL,NULL,NULL,NULL,NULL,"Ulp. 26, 4",005400260004000000000000,
,,Latin,54,26,5,,,n,"Si plures eodem gradu sunt agnati, et quidam eorum hereditatem ad se 
pertinere noluerint, vel antequam adierint, decesserint, eorum pars 
adcrescit his, qui adierint; quod si nemo eorum adierit, ad insequentem 
gradum ex lege hereditas non transmittitur, quoniam in legitimis 
hereditatibus successio non est.",005400260005000000000000,NULL,NULL,NULL,NULL,NULL,NULL,"Ulp. 26, 5",005400260005000000000000,
,,Latin,54,26,6,,,n,"Ad feminas ultra consanguineorum gradum legitima hereditas non pertinet; 
itaque soror fratri sororique legitima heres fit.
",005400260006000000000000,NULL,NULL,NULL,NULL,NULL,NULL,"Ulp. 26, 6",005400260006000000000000,
,,Latin,54,26,7,,,n,"Ad liberos matris intestatae hereditas ex lege duodecim tabularum non 
pertinebat, quia feminae suos heredes non habent; sed postea imperatorum 
Antonini et commodi oratione in senatu recitata id actum est, ut sine in 
manum conventione matrum legitimae hereditates ad filios pertineant, 
exclusis consanguineis et reliquis agnatis.",005400260007000000000000,NULL,NULL,NULL,NULL,NULL,NULL,"Ulp. 26, 7",005400260007000000000000,
,,Latin,54,26,8,,,n,"Intestati filii hereditas ad matrem ex lege duodecim tabularum non 
pertinet; sed si ius liberorum habeat, ingenua trium, libertina quattuor, 
legitima heres fit ex senatus consulto Tertulliano, si tamen ei filio 
neque suus heres sit quive inter suos heredes ad bonorum possessionem a 
praetore vocatur, neque pater, ad quem lege hereditas bonorumve possessio 
cum re pertinet, neque frater consanguineus: quod si soror consanguinea 
sit, ad utrasque pertinere iubetur hereditas.",005400260008000000000000,NULL,NULL,NULL,NULL,NULL,NULL,"Ulp. 26, 8",005400260008000000000000,
,,Latin,54,27,1,,,n,"Libertorum intestatorum hereditas primum ad suos heredes pertinet; 
deinde ad eos, quorum liberti sunt, velut patronum, patronam liberosve 
patroni.",005400270001000000000000,NULL,NULL,NULL,NULL,NULL,NULL,"Ulp. 27, 1",005400270001000000000000,
,,Latin,54,27,2,,,n," Si sit patronus et alterius patroni filius, ad solum patronum hereditas 
pertinet.",005400270002000000000000,NULL,NULL,NULL,NULL,NULL,NULL,"Ulp. 27, 2",005400270002000000000000,
,,Latin,54,27,3,,,n,Item patroni filius patroni nepotibus obstat.,005400270003000000000000,NULL,NULL,NULL,NULL,NULL,NULL,"Ulp. 27, 3",005400270003000000000000,
,,Latin,54,27,4,,,n," Ad liberos patronorum hereditas defuncti pertinet ut in capita, non in 
stirpes, dividatur.",005400270004000000000000,NULL,NULL,NULL,NULL,NULL,NULL,"Ulp. 27, 4",005400270004000000000000,
,,Latin,54,27,5,,,n," Legitimae hereditatis ius, quod ex lege duodecim tabularum descendit, 
capitis minutione amittitur.",005400270005000000000000,NULL,NULL,NULL,NULL,NULL,NULL,"Ulp. 27, 5",005400270005000000000000,
,,Latin,54,28,1,,,n,"Bonorum possessio datur aut contra tabulas testamenti, aut secundum 
tabulas, aut intestati.",005400280001000000000000,NULL,NULL,NULL,NULL,NULL,NULL,"Ulp. 28, 1",005400280001000000000000,
,,Latin,54,28,2,,,n,"Contra tabulas bonorum possessio datur, liberis emancipatis testamento 
praeteritis, licet legitimo ad eos pertineat hereditas.
",005400280002000000000000,NULL,NULL,NULL,NULL,NULL,NULL,"Ulp. 28, 2",005400280002000000000000,
,,Latin,54,28,3,,,n,"Bonorum possessio contra tabulas liberis tam naturalibus quam adoptivis 
datur; sed naturalibus quidem emancipatis, non tamen et illis, qui in 
adoptiva familia sunt; adoptivis autem his tantum, qui in potestate 
manserunt.
",005400280003000000000000,NULL,NULL,NULL,NULL,NULL,NULL,"Ulp. 28, 3",005400280003000000000000,
,,Latin,54,28,4,,,n,"Emancipatis liberis ex edicto datur bonorum possessio, si parati sunt 
cavere fratribus suis, qui in potestate manserunt, bona, quae moriente 
patre habuerunt, se conlaturos.",005400280004000000000000,NULL,NULL,NULL,NULL,NULL,NULL,"Ulp. 28, 4",005400280004000000000000,
,,Latin,54,28,5,,,n,"Secundum tabulas bonorum possessio datur scriptis heredibus, scilicet si 
eorum, quibus contra tabulas competit, nemo sit, aut petere nollent.",005400280005000000000000,NULL,NULL,NULL,NULL,NULL,NULL,"Ulp. 28, 5",005400280005000000000000,
,,Latin,54,28,6,,,n,"Etiamsi iure civili non valet testamentum, forte quod familiae 
mancipatio vel nuncupatio defuit, si signatum testamentum sit non minus 
quam septem testium civium Romanorum signis, bonorum possessio datur.",005400280006000000000000,NULL,NULL,NULL,NULL,NULL,NULL,"Ulp. 28, 6",005400280006000000000000,
,,Latin,54,28,7,,,n,"Intestati datur bonorum possessio per septem gradus: primo gradu 
liberis; secundo legitimis heredibus; tertio proximis cognatis; quarto 
familiae patroni; quinto patrono, patronae, item liberis parentibusve 
patroni patronaeve; sexto viro, uxori; septimo cognatis manumissoris, 
quibus per legem Furiam plus mile mille +  asses capere licet: et si nemo 
sit, ad quem bonorum possessio pertinere possit, aut sit quidem, sed ius 
suum omiserit, populo bona deferuntur ex lege Iulia caducaria.",005400280007000000000000,NULL,NULL,NULL,NULL,NULL,NULL,"Ulp. 28, 7",005400280007000000000000,
,,Latin,54,28,8,,,n,"Liberis bonorum possessio datur tam his, qui in potestate usque in 
mortis tempus fuerunt, quam emancipatis; item adoptivis, non tamen etiam 
in adoptionem datis.",005400280008000000000000,NULL,NULL,NULL,NULL,NULL,NULL,"Ulp. 28, 8",005400280008000000000000,
,,Latin,54,28,9,,,n,"Proximi cognati bonorum possessionem accipiunt non solum per feminini 
sexus personam cognati, sed etiam agnati capite diminuti: nam licet 
legitimum ius agnationis capitis minutione amiserint, natura tamen 
cognati manent.",005400280009000000000000,NULL,NULL,NULL,NULL,NULL,NULL,"Ulp. 28, 9",005400280009000000000000,
,,Latin,54,28,10,,,n,"Bonorum possessio datur parentibus et liberis intra annum, ex quo petere 
potuerunt; ceteris intra centum dies.",005400280010000000000000,NULL,NULL,NULL,NULL,NULL,NULL,"Ulp. 28, 10",005400280010000000000000,
,,Latin,54,28,11,,,n,"Qui omnes intra id tempus si non petierint bonorum possessionem, sequens 
gradus admittitur, perinde atque si superiores non essent; idque per 
septem gradus fit.",005400280011000000000000,NULL,NULL,NULL,NULL,NULL,NULL,"Ulp. 28, 11",005400280011000000000000,
,,Latin,54,28,12,,,n,"Hi, quibus ex successorio edicto bonorum possessio datur, heredes quidem 
non sunt, sed heredis loco constituuntur beneficio praetoris. Ideoque seu 
ipsi agant, seu cum his agatur, ficticiis actionibus opus est, in quibus 
heredes esse finguntur.",005400280012000000000000,NULL,NULL,NULL,NULL,NULL,NULL,"Ulp. 28, 12",005400280012000000000000,
,,Latin,54,28,13,,,n,"Bonorum possessio aut cum re datur, aut sine re; cum re, cum is, qui 
accipit, cum effectu bona retineat; sine re, cum alius iure civili 
evincere hereditatem possit; veluti si suus heres intestati bonorum 
possessio sine re, quoniam suus heres evincere hereditatem iure legitimo 
possit.",005400280013000000000000,NULL,NULL,NULL,NULL,NULL,NULL,"Ulp. 28, 13",005400280013000000000000,
,,Latin,54,29,1,,,n,"Civis Romani liberti hereditatem lex duodecim tabularum patrono defert, 
si intestato sine suo herede libertus decesserit: ideoque sive testamento 
facto decedat, licet suus heres ei non sit, seu intestato, et suus heres 
ei sit, quamquam non naturalis, sed uxor puta, quae in manu fuit, vel 
adoptivus filius, lex patrono nihil praestat. Sed ex edicto praetoris, 
seu testato libertus moriatur, ut aut nihil aut minus quam partem 
dimidiam bonorum patrono relinquat, contra tabulas testamenti partis 
dimidiae bonorum possessio illi datur, nisi libertus aliquem ex 
naturalibus liberis successorem sibi relinquat; sive intestato decedat, 
et uxorem forte in manu vel adoptivum filium relinquat, aeque partis 
mediae bonorum possessio contra suos heredes patrono datur.",005400290001000000000000,NULL,NULL,NULL,NULL,NULL,NULL,"Ulp. 29, 1",005400290001000000000000,
,,Latin,54,29,2,,,n,"In bonis libertae patronus nihil iuris ex edicto datur. Itaque .... seu 
intestata moriatur liberta, semper ad eum hereditas pertinet, licet 
liberi sint libertae, quoniam non sunt sui heredes matri, obstit patrono.",005400290002000000000000,NULL,NULL,NULL,NULL,NULL,NULL,"Ulp. 29, 2",005400290002000000000000,
,,Latin,54,29,3,,,n,"Lex Papia Poppaea postea libertas quattuor liberorum iure tutela 
patronorum liberavit; et cum intulerit, iam posse eas sine auctoritate 
patronorum testari, prospexit, ut pro numero liberorum libertae 
superstitum virilis pars patrono debeatur.
",005400290003000000000000,NULL,NULL,NULL,NULL,NULL,NULL,"Ulp. 29, 3",005400290003000000000000,
,,Latin,54,29,4,,,n,"Liberi patroni virilis sexus eadem iura in bonis libertorum parentum 
suorum habent, quae et ipse patronus.
",005400290004000000000000,NULL,NULL,NULL,NULL,NULL,NULL,"Ulp. 29, 4",005400290004000000000000,
,,Latin,54,29,5,,,n,"Feminae vero ex lege quidem duodecim tabularum perinde ius habent, atque 
masculi patronorum liberi; contra tabulas autem testamenti liberti aut ab 
intestato contra suos heredes non naturales bonorum possessio eis non 
competit; sed si ius trium liberorum habuerunt, etiam haec iura ex lege 
Papia Poppaea nanciscuntur.",005400290005000000000000,NULL,NULL,NULL,NULL,NULL,NULL,"Ulp. 29, 5",005400290005000000000000,
,,Latin,54,29,6,,,n," Patronae in bonis libertorum illud ius tantum habebant, quod lex 
duodecim tabularum introduxit; sed postea lex Papia patronae ingenuae 
duobus liberis honoratae, libertinae tribus, id ius dedit, quod patronus 
habet ex edicto.
",005400290006000000000000,NULL,NULL,NULL,NULL,NULL,NULL,"Ulp. 29, 6",005400290006000000000000,
,,Latin,54,29,7,,,n,"Item ingenuae trium liberorum iure honoratae eadem lex id ius dedit, 
quod ipsi patrono tribuit.",005400290007000000000000,NULL,NULL,NULL,NULL,NULL,NULL,"Ulp. 29, 7",005400290007000000000000,
,Paulus,Latin,55,3,4,1,,n,"Testamentum facere possunt masculi post impletum quartum decimum annum, 
feminae post duodecimum.",005500030004000100000000,NULL,NULL,NULL,NULL,NULL,NULL,"Pau. 3, 4a, 1",005500030004000100000000,
,,Latin,55,3,4,2,,n,"Spadones eo tempore testamentum facere possunt, quo plerique pubescunt, 
id est annorum decem et octo.
",005500030004000200000000,NULL,NULL,NULL,NULL,NULL,NULL,"Pau. 3, 4a, 2",005500030004000200000000,
,,Latin,55,3,4,3,,n,"Filius familias, qui militavit, de castrensi peculio tam communi quam 
proprio iure testamentum facere potest. Castrense enim peculium est quod 
in castris adquiritur vel quod proficiscenti ad militiam datur.",005500030004000300000000,NULL,NULL,NULL,NULL,NULL,NULL,"Pau. 3, 4a, 3",005500030004000300000000,
,,Latin,55,3,4,4,,n,"Caecus testamentum facere potest, quia accire potest adhibitos testes et 
audire sibi testimonium perhibentes.",005500030004000400000000,NULL,NULL,NULL,NULL,NULL,NULL,"Pau. 3, 4a, 4",005500030004000400000000,
,,Latin,55,3,4,5,,n,"Qui manus amisit, testamentum facere potest, quamvis scribere non 
possit.",005500030004000500000000,NULL,NULL,NULL,NULL,NULL,NULL,"Pau. 3, 4a, 5",005500030004000500000000,
,,Latin,55,3,4,6,,n,Furiosus tempore intermissi furoris testamentum facere potest.,005500030004000600000000,NULL,NULL,NULL,NULL,NULL,NULL,"Pau. 3, 4a, 6",005500030004000600000000,
,,Latin,55,3,4,7,,n,"Et mulieri, quae luxuriose vivit, bonis interdici potest.",005500030004000700000000,NULL,NULL,NULL,NULL,NULL,NULL,"Pau. 3, 4a, 7",005500030004000700000000,
,,Latin,55,3,4,8,,n,"Moribus per praetorem bonis interdicitur hoc modo: quando tibi bona 
paterna avitaque nequitia tua disperdis liberosque tuos ad egestatem 
perducis, ob eam rem tibi ea re commercioque interdico.",005500030004000800000000,NULL,NULL,NULL,NULL,NULL,NULL,"Pau. 3, 4a, 8",005500030004000800000000,
,,Latin,55,3,4,9,,n,"Qui ab hostibus captus est, testamentum quasi servus facere non potest. 
Sane valet testamentum id quod ante captivitatem factum est, si 
revertatur, iure postliminii, aut si ibidem decedat, beneficio legis 
Corneliae, qua lege etiam legitimae tutelae hereditatesque firmantur.",005500030004000900000000,NULL,NULL,NULL,NULL,NULL,NULL,"Pau. 3, 4a, 9",005500030004000900000000,
,,Latin,55,3,4,10,,n,"In insulam relegatus et in opus publicum ad tempus damnatus, quia 
retinent civitatem, testamentum facere possunt et ex testamento capere.",005500030004001000000000,NULL,NULL,NULL,NULL,NULL,NULL,"Pau. 3, 4a, 10",005500030004001000000000,
,,Latin,55,3,4,11,,n,"Plures quam septem ad testamentum adhibiti non nocent. Superflua enim 
facta prodesse iuri tantum, nocere non possunt.
",005500030004001100000000,NULL,NULL,NULL,NULL,NULL,NULL,"Pau. 3, 4a, 11",005500030004001100000000,
,,Latin,55,3,4,12,,n,"In adversa corporis valetudine mente captus eodem tempore testamentum 
facere non potest.",005500030004001200000000,NULL,NULL,NULL,NULL,NULL,NULL,"Pau. 3, 4a, 12",005500030004001200000000,
,,Latin,55,3,4,13,,n,"Prodigus recepta vitae sanitate ad bonos mores reversus et testamentum 
facere potest et ad testamenti sollemnia adhiberi potest.",005500030004001300000000,NULL,NULL,NULL,NULL,NULL,NULL,"Pau. 3, 4a, 13",005500030004001300000000,
,,Latin,55,3,4,14,,n,"Ex his, qui ad testamentum adhibentur, si qui sint qui Latine nesciant 
vel non intellegant, si tamen sentiant, cui rei intersint, adhibiti non 
vitiant testamentum.",NULL,NULL,NULL,NULL,NULL,NULL,NULL,NULL,005500030004001400000000,x
,,Latin,55,3,4,15,,n,"Repetundarum damnatus nec ad testamentum nec ad testimonium adhiberi 
potest.",NULL,NULL,NULL,NULL,NULL,NULL,NULL,NULL,005500030004001500000000,x
,,Latin,55,3,4,16,,n,"Hermaphroditus an ad testamentum adhiberi possit, qualitas sexus 
incalescentis ostendit.",NULL,NULL,NULL,NULL,NULL,NULL,NULL,NULL,005500030004001600000000,x
,,Latin,55,3,4,17,,n,"Singulos testes, qui in testamento adhibentur, proprio chirographo 
adnotare convenit, quis et cuius testamentum signaverit.",NULL,NULL,NULL,NULL,NULL,NULL,NULL,NULL,005500030004001700000000,x
,,Latin,55,3,5,1,,n,"Condicionum duo sunt genera: aut enim possibilis est, aut impossibilis: 
possibilis, quae per rerum naturam admitti potest, impossibilis, quae non 
potest: quarum ex eventu altera expectatur, altera impossibilis 
submovetur.",005500030005000100000000,NULL,NULL,NULL,NULL,NULL,NULL,"Pau. 3, 4b, 1",005500030005000100000000,
,,Latin,55,3,5,2,,n,"Condiciones contra leges et decreta principum vel bonos mores adscriptae 
nullius sunt momenti: veluti si uxorem non duxeris, si filios non 
susceperis, si homicidium feceris, si larvali habitu processeris et his 
similia.",005500030005000200000000,NULL,NULL,NULL,NULL,NULL,NULL,"Pau. 3, 4b, 2",005500030005000200000000,
,,Latin,55,3,5,3,,n,"Quotiens non apparet, qui sit heres institutus, institutio non valet: 
quod evenit, si testator plures amicos unius nominis habeat.",005500030005000300000000,NULL,NULL,NULL,NULL,NULL,NULL,"Pau. 3, 4b, 3",005500030005000300000000,
,,Latin,55,3,5,4,,n,"Heredes aut instituti aut substituti dicuntur, instituti primo gradu, 
substituti secundo vel tertio scripti.",005500030005000400000000,NULL,NULL,NULL,NULL,NULL,NULL,"Pau. 3, 4b, 4",005500030005000400000000,
,,Latin,55,3,5,5,,n,"Substituere quis et pure et sub condicione potest, et tam suis quam 
extraneis, tam puberibus quam impuberibus.",005500030005000500000000,NULL,NULL,NULL,NULL,NULL,NULL,"Pau. 3, 4b, 5",005500030005000500000000,
,,Latin,55,3,5,6,,n,"In quot vult uncias testator hereditatem suam dividere potest. Impleto 
asse sine parte heredes instituti ad prioris assis semissem aequis 
portionibus veniunt.",005500030005000600000000,NULL,NULL,NULL,NULL,NULL,NULL,"Pau. 3, 4b, 6",005500030005000600000000,
,,Latin,55,3,5,7,,n,"Servus alienus cum libertate heres institutus institutionem non 
infirmat: sed libertas ut alieno supervacue data videtur.
",005500030005000700000000,NULL,NULL,NULL,NULL,NULL,NULL,"Pau. 3, 4b, 7",005500030005000700000000,
,,Latin,55,3,5,8,,n,"Filio et extraneo aequis partibus heredibus institutis si praeterita 
adcrescat, tantum suo avocabit, quantum extraneo: si vero duo sint filii 
instituti, suis tertiam, extraneis dimidiam tollet.",005500030005000800000000,NULL,NULL,NULL,NULL,NULL,NULL,"Pau. 3, 4b, 8",005500030005000800000000,
,,Latin,55,3,5,9,,n,"Talis postumorum institutio: si qui post mortem meam postumi nati 
fuerint, heredes sunto: si vivo eo nascantur, rumpunt testamentum.",005500030005000900000000,NULL,NULL,NULL,NULL,NULL,NULL,"Pau. 3, 4b, 9",005500030005000900000000,
,,Latin,55,3,5,10,,n,"Nepos postumus, qui in locum patris succedere potest, ab avo aut heres 
instituendus est aut nominatim exheredandus, ne agnascendo rumpat 
testamentum.",005500030005001000000000,NULL,NULL,NULL,NULL,NULL,NULL,"Pau. 3, 4b, 10",005500030005001000000000,
,,Latin,55,3,5,11,,n,"Filius familias si militet, ut paganus nominatim a patre aut heres 
scribi aut exheredari debet, iam sublato edicto divi Augusti, quo cautum 
fuerat, ne pater filium militem exheredet.",005500030005001100000000,NULL,NULL,NULL,NULL,NULL,NULL,"Pau. 3, 4b, 11",005500030005001100000000,
,,Latin,55,3,5,12,,n,"Qui semel constituit ad se hereditatem pertinere, ac se eius rebus 
immiscuit, repudiare eam non potest, etiamsi damnosa sit.",NULL,NULL,NULL,NULL,NULL,NULL,NULL,NULL,005500030005001200000000,x
,,Latin,55,3,5,13,,n,"Pater quotiens filio mandat adire, certus esse debet, an pro parte an ex 
asse, et an ex institutione an ex substitutione, et an testamento an ab 
intestato filius suus heres exsistat.",NULL,NULL,NULL,NULL,NULL,NULL,NULL,NULL,005500030005001300000000,x
,,Latin,55,3,5,14,,n,"Mutus pater vel dominus filio vel servo heredibus institutis magis est 
ut, si intellectu non careat, nutu iubere possit adire hereditatem, ut ei 
iure eius commodum quaeri possit: quod facile explicari possit scientia 
litterarum.",NULL,NULL,NULL,NULL,NULL,NULL,NULL,NULL,005500030005001400000000,x
,,Latin,55,3,5,15,,n,Mutus servus iussu domini pro herede gerendo obligat dominum hereditati.,NULL,NULL,NULL,NULL,NULL,NULL,NULL,NULL,005500030005001500000000,x
,Digest,Latin,56,28,5,1,1,n,"Qui testatur ab heredis institutione plerumque debet initium facere 
testamenti. licet etiam ab exheredatione, quam nominatim facit: nam divus 
Traianus rescripsit posse nominatim etiam ante heredis institutionem 
filium exheredare.",005600280005000100010000,NULL,NULL,NULL,NULL,NULL,NULL,"Dig. 28, 5, 1, 1",005600280005000100010000,#VALUE!
,,Latin,56,28,5,1,2,n,"Institutum autem heredem eum quoque dicimus, qui scriptus non est, sed 
solummodo nuncupatus.",005600280005000100020000,NULL,NULL,NULL,NULL,NULL,NULL,"Dig. 28, 5, 1, 2",005600280005000100020000,#VALUE!
,,Latin,56,28,5,1,3,n,Mutus et surdus recte heres institui potest.,005600280005000100030000,NULL,NULL,NULL,NULL,NULL,NULL,"Dig. 28, 5, 1, 3",005600280005000100030000,#VALUE!
,,Latin,56,28,5,1,4,n,"Qui neque legaturus quid est neque quemquam exheredaturus, quinque 
verbis potest facere testamentum, ut dicat: ""Lucius Titius mihi heres 
esto"": haec autem scriptura pertinet ad eum qui non per scripturam 
testatur. qui poterit etiam tribus verbis testari, ut dicat: ""Lucius 
heres esto"": nam et ""mihi"" et ""Titius"" abundat.",005600280005000100040000,NULL,NULL,NULL,NULL,NULL,NULL,"Dig. 28, 5, 1, 4",005600280005000100040000,#VALUE!
,,Latin,56,28,5,1,5,n,"Si ex fundo fuisset aliquis solus institutus, valet institutio detracta 
fundi mentione.",005600280005000100050000,NULL,NULL,NULL,NULL,NULL,NULL,"Dig. 28, 5, 1, 5",005600280005000100050000,#VALUE!
,,Latin,56,28,5,1,6,n,"Si autem sic scribat: ""Lucius heres"", licet non adiecerit ""esto"", 
credimus plus nuncupatum, minus scriptum: et si ita: ""Lucius esto"", 
tantundem dicimus: ergo et si ita: ""Lucius"" solummodo. Marcellus non 
insuptiliter non putat hodie hoc procedere. divus autem Pius, cum quidam 
portiones inter heredes distribuisset ita: ""ille ex parte tota, ille ex 
tota"" nec adiecisset ""heres esto"", rescripsit valere institutionem: quod 
et Iulianus scripsit.",005600280005000100060000,NULL,NULL,NULL,NULL,NULL,NULL,"Dig. 28, 5, 1, 6",005600280005000100060000,#VALUE!
,,Latin,56,28,5,1,7,n,"Item divus Pius rescripsit ""illa uxor mea esto"" institutionem valere, 
licet deesset ""heres"".",005600280005000100070000,NULL,NULL,NULL,NULL,NULL,NULL,"Dig. 28, 5, 1, 7",005600280005000100070000,#VALUE!
,,Latin,56,28,5,1,8,n,"Idem Iulianus ""illum heredem esse"", non putavit valere, quoniam deest 
aliquid: sed et ipsa valebit subaudito ""iubeo"".",NULL,NULL,NULL,NULL,NULL,NULL,NULL,NULL,005600280005000100080000,#VALUE!
,,Latin,56,28,5,2,1,n,"Circa eos, qui ita heredes instituti sint: ""ex partibus quas 
adscripsero"", non putat Marcellus eos heredes nullis adscriptis partibus, 
quemadmodum si ita essent heredes instituti: ""si eis partes 
adscripsero"". sed magis est, ut sic utraque institutio accipiatur, si 
voluntas defuncti non refragatur: ""ex quibus partibus adscripsero, si 
minus, ex aequis"", quasi duplici facta institutione: quam sententiam 
Celsus libro sexto decimo digestorum probat. aliter atque probat in illa 
institutione: ""ex qua parte me Titius heredem scripsit, Seius heres 
esto"": tunc enim si non est a Titio scriptus, nec Seius ab eo, nec 
immerito: hic enim creditur inesse condicio. sed Marcellus haec similia 
putat.",005600280005000200010000,NULL,NULL,NULL,NULL,NULL,NULL,"Dig. 28, 5, 2, 1",005600280005000200010000,#VALUE!
,,Latin,56,28,5,2,2,n,"Potest autem interesse, utrum ita quis scribat: ""ex his partibus quas 
adscripsi"" an ""adscripsero"", ut superiori modo dicas nullis adscriptis 
partibus nullam esse institutionem: quomodo in illo Marcellus: ""ex his 
partibus, ex quibus testamento matris scripti fuissent, heredes sunto"", 
si intestata mater decesserit, hos non esse institutos.",NULL,NULL,NULL,NULL,NULL,NULL,NULL,NULL,005600280005000200020000,#VALUE!
,,Latin,56,28,5,3,1,n,"Servus alienus vel totus vel pro parte sine libertate heres institui 
potest.",005600280005000300010000,NULL,NULL,NULL,NULL,NULL,NULL,"Dig. 28, 5, 3, 1",005600280005000300010000,#VALUE!
,,Latin,56,28,5,3,2,n," Si servum meum pure heredem scripsero, sub condicione liberum, differtur 
institutio in id tempus, quo libertas data est.",005600280005000300020000,NULL,NULL,NULL,NULL,NULL,NULL,"Dig. 28, 5, 3, 2",005600280005000300020000,#VALUE!
,,Latin,56,28,5,3,3,n,"Si quis ita scripserit: ""si Titius heres erit, Seius heres esto: Titius 
heres esto"", quasi quaevis condicio exspectatur Titii aditio, ut Seius 
heres fiat: et sane et Iuliano et Tertulliano hoc videtur.",005600280005000300030000,NULL,NULL,NULL,NULL,NULL,NULL,"Dig. 28, 5, 3, 3",005600280005000300030000,#VALUE!
,,Latin,56,28,5,3,4,n,"Qui fideicommissam libertatem sub condicione accepit, potest ab herede 
pure cum libertate heres institui et non exspectata condicione libertatem 
et hereditatem consequitur et erit interim necessarius: et existente 
condicione voluntarius heres efficietur, ut non desinat heres esse, sed 
ut ius in eo mutetur successionis.",005600280005000300040000,NULL,NULL,NULL,NULL,NULL,NULL,"Dig. 28, 5, 3, 4",005600280005000300040000,#VALUE!
,,Latin,56,28,5,3,5,n,"Aperturae tabularum dilatio necessarii heredis ius non mutat, ut solemus 
in substituto impuberis dicere: nam est relatum, si se adrogandum dederit 
substitutus impuberi defuncti filius, necessarium eum fore.",NULL,NULL,NULL,NULL,NULL,NULL,NULL,NULL,005600280005000300050000,#VALUE!
,,Latin,56,28,5,4,1,n,"Suus quoque heres sub condicione heres potest institui: sed excipiendus 
est filius, quia non sub omni condicione institui potest. et quidem sub 
ea condicione, quae est in potestate ipsius, potest: de hoc enim inter 
omnes constat. sed utrum ita demum institutio effectum habeat, si 
paruerit condicioni, an et si non paruerit et decessit? Iulianus putat 
filium sub eiusmodi condicione institutum etiam, si condicioni non 
paruerit, summotum esse, et ideo si coheredem habeat ita institutus, non 
debere eum exspectare, donec condicioni pareat filius, cum et si patrem 
intestatum faceret non parendo condicioni, procul dubio exspectare 
deberet. quae sententia probabilis mihi videtur, ut sub ea condicione 
institutus, quae in arbitrio eius sit, patrem intestatum non faciat.
",005600280005000400010000,NULL,NULL,NULL,NULL,NULL,NULL,"Dig. 28, 5, 4, 1",005600280005000400010000,#VALUE!
,,Latin,56,28,5,4,2,n,"Puto recte generaliter definiri: utrum in potestate fuerit condicio an 
non fuerit, facti potestas est: potest enim et haec ""si Alexandriam 
pervenerit"" non esse in arbitrio per hiemis condicionem: potest et esse, 
si ei, qui a primo miliario Alexandriae agit, fuit imposita: potest et 
haec ""si decem Titio dederit"" esse in difficili, si Titius peregrinetur 
longinquo itinere: propter quae ad generalem definitionem recurrendum 
est.",005600280005000400020000,NULL,NULL,NULL,NULL,NULL,NULL,"Dig. 28, 5, 4, 2",005600280005000400020000,#VALUE!
,,Latin,56,28,5,4,3,n,"Sed et si filio sub condicione, quae in eius potestate est, herede 
instituto nepos sit substitutus sive extraneus, puto vivo filio non 
exstaturum heredem substitutum, post mortem vero exstaturum, nec 
necessariam a substituto filii exheredationem, cum et, si fuerit facta, 
frustra est: post mortem enim filii facta est, quam inutilem esse alias 
ostendimus: opinamur igitur filium, si sit institutus sub ea condicione 
et sit in eius potestate, non indigere exheredatione a sequentibus 
gradibus: alioquin et a coherede indigebit.",NULL,NULL,NULL,NULL,NULL,NULL,NULL,NULL,005600280005000400030000,#VALUE!
,,Latin,56,28,5,5,1,n," Si eiusmodi sit condicio, sub qua filius heres institutus sit, ut ultimo 
vitae eius tempore certum sit eam existere non posse et pendente ea 
decedat, intestato patri heres erit, veluti ""si Alexandriam pervenerit, 
heres esto"": quod si etiam novissimo tempore impleri potest, veluti ""si 
decem Titio dederit, heres esto"", contra puto.",NULL,NULL,NULL,NULL,NULL,NULL,NULL,NULL,005600280005000500010000,#VALUE!
,,Latin,56,28,5,6,1,n,"Sed si condicioni dies sit adiectus, ut puta: ""si Capitolium intra dies 
triginta ascenderit"", tantundem potest dici: ut, si non paruerit 
condicioni, substitutus possit admitti filio repulso, consequens est 
sententiae Iuliani et nostrae.
",005600280005000600010000,NULL,NULL,NULL,NULL,NULL,NULL,"Dig. 28, 5, 6, 1",005600280005000600010000,#VALUE!
,,Latin,56,28,5,6,2,n,"Nepotes autem et deinceps ceteri, qui ex lege Vellea ^Vellaea^ instituti 
non rumpunt testamenta, sub omni condicione institui possunt, etsi 
redigantur ad filii condicionem.",005600280005000600020000,NULL,NULL,NULL,NULL,NULL,NULL,"Dig. 28, 5, 6, 2",005600280005000600020000,#VALUE!
,,Latin,56,28,5,6,3,n,"Solemus dicere media tempora non nocere, ut puta civis Romanus heres 
scriptus vivo testatore factus peregrinus mox civitatem Romanam pervenit: 
media tempora non nocent. servus alienus sub condicione heres scriptus 
traditus est servus hereditario, mox usucaptus ab extraneo: non est 
vitiata institutio.
",005600280005000600030000,NULL,NULL,NULL,NULL,NULL,NULL,"Dig. 28, 5, 6, 3",005600280005000600030000,#VALUE!
,,Latin,56,28,5,6,4,n,"Si servum communem cum libertate dominus heredem scripserit et eum 
redemerit, necessarius efficietur. sed si substitutus sit impuberi et 
partem redemerit impubes, necessarius non efficietur, ut Iulianus 
scribit.",005600280005000600040000,NULL,NULL,NULL,NULL,NULL,NULL,"Dig. 28, 5, 6, 4",005600280005000600040000,#VALUE!
,,Latin,56,28,5,6,5,n,"Sed si sit cum libertate institutus, an ei libertatis datio codicillis 
adimi possit, apud Iulianum quaeritur. et putat in eum casum, quo 
necessarius fieret, ademptionem non valere, ne a semet ipso ei adimatur 
libertas: servus enim heres institutus a semet ipso libertatem accipit. 
quae sententia habet rationem: nam sicuti legari sibi non potest, ita nec 
a se adimi.
",NULL,NULL,NULL,NULL,NULL,NULL,NULL,NULL,005600280005000600050000,#VALUE!
,,Latin,56,28,5,7,1,n,"Si servus communis sub condicione heres institutus vivo testatore 
libertatem consecutus sit, etiam pendente condicione testamentariae 
libertatis adire hereditatem potest.",005600280005000700010000,NULL,NULL,NULL,NULL,NULL,NULL,"Dig. 28, 5, 7, 1",005600280005000700010000,#VALUE!
,,Latin,56,28,5,7,2,n," Item sive testator eum alienaverit sive heres post mortem testatoris, 
iussu domini hereditatem adibit.",NULL,NULL,NULL,NULL,NULL,NULL,NULL,NULL,005600280005000700020000,#VALUE!
,,Latin,56,28,5,8,1,n,"Duo socii quendam servum communem testamento facto heredem et liberum 
esse iusserant: ruina simul oppressi perierant. plerique responderunt hoc 
casu duobus orcinum heredem existere, et id est verius.",005600280005000800010000,NULL,NULL,NULL,NULL,NULL,NULL,"Dig. 28, 5, 8, 1",005600280005000800010000,#VALUE!
,,Latin,56,28,5,8,2,n,"Sed et si sub eadem condicione servum communem uterque socius liberum 
heredemque esse iussisset eaque exstitisset, idem iuris erit.",NULL,NULL,NULL,NULL,NULL,NULL,NULL,NULL,005600280005000800020000,#VALUE!
,,Latin,56,29,3,1,1,n,"Omnibus, quicumque desiderant tabulas testamenti inspicere vel etiam 
describere, inspiciendi describendique potestatem facturum se praetor 
pollicetur: quod vel suo vel alieno nomine desideranti tribuere eum 
manifestum est.",005600290003000100010000,NULL,NULL,NULL,NULL,NULL,NULL,"Dig. 29, 3, 1, 1",005600290003000100010000,#VALUE!
,,Latin,56,29,3,1,2,n,"Ratio autem huius edicti manifesta est: neque enim sine iudice transigi 
neque apud iudicem exquiri veritas de his controversiis, quae ex 
testamento proficiscerentur, aliter potest quam inspectis cognitisque 
verbis testamenti.",005600290003000100020000,NULL,NULL,NULL,NULL,NULL,NULL,"Dig. 29, 3, 1, 2",005600290003000100020000,#VALUE!
,,Latin,56,29,3,1,3,n,"Si quis neget sigillum suum agnoscere, non ideo quidem minus aperiuntur 
tabulae, sed alias suspectae fiunt.",NULL,NULL,NULL,NULL,NULL,NULL,NULL,NULL,005600290003000100030000,#VALUE!
,,Latin,56,29,3,2,1,n,"Tabularum testamenti instrumentum non est unius hominis, hoc est 
heredis, sed universorum, quibus quid illic adscriptum est: quin potius 
publicum est instrumentum.",005600290003000200010000,NULL,NULL,NULL,NULL,NULL,NULL,"Dig. 29, 3, 2, 1",005600290003000200010000,#VALUE!
,,Latin,56,29,3,2,2,n," Testamentum autem proprie illud dicitur, quod iure perfectum est: sed 
abusive testamenta ea quoque appellamus, quae falsa sunt vel iniusta vel 
irrita vel rupta: itemque inperfecta solemus testamenta dicere.",005600290003000200020000,NULL,NULL,NULL,NULL,NULL,NULL,"Dig. 29, 3, 2, 2",005600290003000200020000,#VALUE!
,,Latin,56,29,3,2,3,n," Ad causam autem testamenti pertinere videtur id quodcumque quasi ad 
testamentum factum sit, in quacumque materia fuerit scriptum, quod 
contineat supremam voluntatem: et tam principales quam secundae tabulae 
edicto continentur.
",005600290003000200030000,NULL,NULL,NULL,NULL,NULL,NULL,"Dig. 29, 3, 2, 3",005600290003000200030000,#VALUE!
,,Latin,56,29,3,2,4,n,"Si plura sint testamenta, quae quis exhiberi desideret, universorum ei 
facultas facienda est.
",005600290003000200040000,NULL,NULL,NULL,NULL,NULL,NULL,"Dig. 29, 3, 2, 4",005600290003000200040000,#VALUE!
,,Latin,56,29,3,2,5,n,"Si dubitetur, utrum vivat an decesserit is, cuius quis quod ad causam 
testamenti pertinet inspici describique postulat, dicendum est praetorem 
causa cognita statuere id debere, ut, si liquerit eum vivere, non 
permittat.
Inspici tabulas est, ut ipsam scripturam quis inspiciat et sigilla et 
quid aliud ex tabulis velit spectare.",005600290003000200050000,NULL,NULL,NULL,NULL,NULL,NULL,"Dig. 29, 3, 2, 5",005600290003000200050000,#VALUE!
,,Latin,56,29,3,2,6,n," Inspectio tabularum etiam lectionem earum indicat.",005600290003000200060000,NULL,NULL,NULL,NULL,NULL,NULL,"Dig. 29, 3, 2, 6",005600290003000200060000,#VALUE!
,,Latin,56,29,3,2,7,n,"Diem autem et consulem tabularum non patitur praetor describi vel  inspici idcirco, ne quid falsi fiat: namque etiam inspectio materiam  falso fabricando instruere potest.",005600290003000200070000,NULL,NULL,NULL,NULL,NULL,NULL,"Dig. 29, 3, 2, 7",005600290003000200070000,#VALUE!
,,Latin,56,29,3,2,8,n," Utrum autem in continenti potestatem inspiciendi vel describendi iubet  an desideranti tempus dabit ad exhibitionem? et magis est, ut dari debeat  secundum locorum angustias seu prolixitates.",005600290003000200080000,NULL,NULL,NULL,NULL,NULL,NULL,"Dig. 29, 3, 2, 8",005600290003000200080000,#VALUE!
,,Latin,56,29,3,2,9,n," Si quis non negans apud se tabulas esse non patiatur inspici et  describi, omnimodo ad hoc compelletur: si tamen neget penes se tabulas  esse, dicendum est ad interdictum rem mitti quod est de tabulis  exhibendis.",NULL,NULL,NULL,NULL,NULL,NULL,NULL,NULL,005600290003000200090000,#VALUE!
,,Latin,56,29,3,3,1,n,"Ipsi tamen heredi vindicatio tabularum sicut ceterarum hereditariarum  rerum competit et ob id ad exhibendum quoque agere potest.",NULL,NULL,NULL,NULL,NULL,NULL,NULL,NULL,005600290003000300010000,#VALUE!
,,Latin,56,29,3,4,1,n," Cum ab initio aperiendae sint tabulae, praetoris id officium est, ut  cogat signatores convenire et sigilla sua recognoscere",NULL,NULL,NULL,NULL,NULL,NULL,NULL,NULL,005600290003000400010000,#VALUE!
,,Latin,56,29,3,5,1,n,"vel negare se signasse: publice enim expedit suprema hominum iudicia  exitum habere.",NULL,NULL,NULL,NULL,NULL,NULL,NULL,NULL,005600290003000500010000,#VALUE!
,,Latin,56,29,3,6,1,n," Sed si maior pars signatorum fuerit inventa, poterit ipsis  intervenientibus resignari testamentum et recitari.",NULL,NULL,NULL,NULL,NULL,NULL,NULL,NULL,005600290003000600010000,#VALUE!
,,Latin,56,29,3,7,1,n,"Sed si quis ex signatoribus aberit, mitti debent tabulae testamenti ubi  ipse sit, uti agnoscat: nam revocari eum adgnoscendi causa onerosum est.  quippe saepe cum magna captione a rebus nostris revocamur et sit iniquum  damnosum cuique esse officium suum. nec ad rem pertinet, unus absit an  omnes. et si forte omnibus absentibus causa aliqua aperire tabulas  urgueat, debet proconsul curare, ut intervenientibus optimae opinionis  viris aperiantur et post descriptum et recognitum factum ab isdem, quibus  intervenientibus apertae sunt, obsignentur, tunc deinde eo mittantur, ubi  ipsi signatores sint, ad inspicienda sigilla sua.",NULL,NULL,NULL,NULL,NULL,NULL,NULL,NULL,005600290003000700010000,#VALUE!
,,Latin,56,29,3,8,1,n," Pupillares tabulas, etiamsi non fuerit superscriptum ne aperirentur,  attamen, si seorsum eas signatas testator reliquerit, praetor eas aperiri  nisi causa cognita non patietur.",NULL,NULL,NULL,NULL,NULL,NULL,NULL,NULL,005600290003000800010000,#VALUE!
,,Latin,56,29,3,9,1,n,"Si mulier ventris nomine in possessione sit, aperiendae sunt secundae  tabulae, ut sciatur, cui demandata sit curatio.",NULL,NULL,NULL,NULL,NULL,NULL,NULL,NULL,005600290003000900010000,#VALUE!
,,Latin,56,29,3,10,1,n,"Si in duobus exemplariis scriptum sit testamentum, alterutro patefacto  apertae tabulae sunt.",005600290003001000010000,NULL,NULL,NULL,NULL,NULL,NULL,"Dig. 29, 3, 10, 1",005600290003001000010000,#VALUE!
,,Latin,56,29,3,10,2,n," Si sui natura tabulae patefactae sunt, apertum videri testamentum non  dubitatur: non enim quaeremus, a quo aperiantur.",005600290003001000020000,NULL,NULL,NULL,NULL,NULL,NULL,"Dig. 29, 3, 10, 2",005600290003001000020000,#VALUE!
,,Latin,56,29,3,10,3,n," Si tabulae non compareant vel exustae sint, futurum est, ut subvenire  legatariis debeat. idem est, si subpressae vel occultae sint.",NULL,NULL,NULL,NULL,NULL,NULL,NULL,NULL,005600290003001000030000,#VALUE!
,,Latin,56,29,3,11,1,n," Sicut codicilli pars intelleguntur testamenti, ita secundae tabulae  principalium tabularum partem optinere videntur.",NULL,NULL,NULL,NULL,NULL,NULL,NULL,NULL,005600290003001100010000,#VALUE!
,,Latin,56,29,3,12,1,n,"Si quis fecerit testamentum et exemplum eius, exemplo quidem aperto  nondum apertum est testamentum: quod si authenticum patefactum est totum,  apertum.",NULL,NULL,NULL,NULL,NULL,NULL,NULL,NULL,005600290003001200010000,#VALUE!
,,Latin,56,39,6,1,1,n,"Mortis causa donatio est, cum quis habere se vult quam eum cui donat  magisque eum cui donat quam heredem suum.",005600390006000100010000,NULL,NULL,NULL,NULL,NULL,NULL,"Dig. 39, 6, 1, 1",005600390006000100010000,#VALUE!
,,Latin,56,39,6,1,2,n," Sic et apud Homerum Telemachus donat Piraeo.",NULL,NULL,NULL,NULL,NULL,NULL,NULL,NULL,005600390006000100020000,#VALUE!
,,Latin,56,39,6,2,1,n,"Iulianus libro septimo decimo digestorum tres esse species mortis causa  donationum ait, unam, cum quis nullo praesentis periculi metu  conterritus, sed sola cogitatione mortalitatis donat. aliam esse speciem  mortis causa donationum ait, cum quis imminente periculo commotus ita  donat, ut statim fiat accipientis. tertium genus esse donationis ait, si  quis periculo motus non sic det, ut statim faciat accipientis, sed tunc  demum, cum mors fuerit insecuta. ",NULL,NULL,NULL,NULL,NULL,NULL,NULL,NULL,005600390006000200010000,#VALUE!
,,Latin,56,39,6,3,1,n,"Mortis causa donare licet non tantum infirmae valetudinis causa, sed  periculi etiam propinquae mortis vel ab hoste vel a praedonibus vel ab  hominis potentis crudelitate aut odio aut navigationis ineundae:",NULL,NULL,NULL,NULL,NULL,NULL,NULL,NULL,005600390006000300010000,#VALUE!
,,Latin,56,39,6,4,1,n,aut per insidiosa loca iturus.,NULL,NULL,NULL,NULL,NULL,NULL,NULL,NULL,005600390006000400010000,#VALUE!
,,Latin,56,39,6,5,1,n,Aut aetate fessus:,NULL,NULL,NULL,NULL,NULL,NULL,NULL,NULL,005600390006000500010000,#VALUE!
,,Latin,56,39,6,6,1,n,haec enim omnia instans periculum demonstrant.,NULL,NULL,NULL,NULL,NULL,NULL,NULL,NULL,005600390006000600010000,#VALUE!
,,Latin,56,39,6,7,1,n," Si aliquis mortis causa donaverit et poena fuerit capitis affectus,  removetur donatio ut inperfecta, quamvis ceterae donationes sine  suspicione poenae factae valeant.",NULL,NULL,NULL,NULL,NULL,NULL,NULL,NULL,005600390006000700010000,#VALUE!
,,Latin,56,39,6,8,1,n,"Qui pretio accepto hereditatem praetermisit, sive ad substitutum  perventura sit hereditas, sive ab eo ab intestato successurus, mortis  causa capere videtur: nam quidquid propter alicuius mortem obvenit,  mortis causa capitur: quam sententiam et Iulianus probat et hoc iure  utimur. nam et quod a statulibero condicionis implendae causa capitur vel  a legatario, mortis causa accipitur: et quod pater dedit propter mortem  filii vel cognati, mortis causa capi Iulianus scripsit.",005600390006000800010000,NULL,NULL,NULL,NULL,NULL,NULL,"Dig. 39, 6, 8, 1",005600390006000800010000,#VALUE!
,,Latin,56,39,6,8,2,n," Denique et sic posse donari aut, ut, si convaluerit, recipiatur.",NULL,NULL,NULL,NULL,NULL,NULL,NULL,NULL,005600390006000800020000,#VALUE!
,,Latin,56,39,6,9,1,n,"Omnibus mortis causa capere permittitur, qui scilicet et legata accipere  possunt.",NULL,NULL,NULL,NULL,NULL,NULL,NULL,NULL,005600390006000900010000,#VALUE!
,,Latin,56,39,6,10,1,n,"Ei, cui mortis causa donatum est, posse substitui constat in hunc modum,  ut promittat alicui, si ipse capere non possit, vel sub alia condicione.",NULL,NULL,NULL,NULL,NULL,NULL,NULL,NULL,005600390006001000010000,#VALUE!
,,Latin,56,39,6,11,1,n,"Mortis causa filii sui pater recte donare poterit etiam constante  matrimonio filii.",NULL,NULL,NULL,NULL,NULL,NULL,NULL,NULL,005600390006001100010000,#VALUE!
,,Latin,56,39,6,12,1,n,"Si mulier, ventris nomine per calumniam ut in possessionem mitti  desideret, pecuniam accepit, forte dum substituto patrocinatur, ut  institutum aliqua ratione excludat, mortis causa eam capere Iulianus  saepius scribit.",NULL,NULL,NULL,NULL,NULL,NULL,NULL,NULL,005600390006001200010000,#VALUE!
,,Latin,56,39,6,13,1,n,"Si alienam rem mortis causa donavero eaque usucapta fuerit, verus  dominus eam condicere non potest, sed ego, si convaluero.",005600390006001300010000,NULL,NULL,NULL,NULL,NULL,NULL,"Dig. 39, 6, 13, 1",005600390006001300010000,#VALUE!
,,Latin,56,39,6,13,2,n,"Si alienam rem mortis causa donavero eaque usucapta fuerit, verus  dominus eam condicere non potest, sed ego, si convaluero.",NULL,NULL,NULL,NULL,NULL,NULL,NULL,NULL,005600390006001300020000,#VALUE!
,Codex,Latin,58,6,28,1,1,n,"Sev./Ant. AA. Fabio. cum post omnes heredum gradus  exheredatio scribatur, si adiciat testator ab omnibus se gradibus  exheredare, non dubitatur iuri satisfactum. et ideo, etiamsi id non  adiciatur, appareat tamen eum cum eo consilio scripsisse, ut ab omnibus  exheredaret, recte factum testamentum videtur. <a. 204 pp. VI k. Iul.  Cilone et Libone conss.>",NULL,NULL,NULL,NULL,NULL,NULL,NULL,NULL,005800060028000100010000,#VALUE!
,,Latin,58,6,28,1,2,n,"Sev./Ant.  Proinde cum pater familias filiis institutis et invicem substitutis  filiam exheredaverit, intellegendus est exheredationem ab utroque gradu  fecisse. nam cum idem heredes instituti sunt, nulla ratio reddi potest,  quare videatur in posteriore tantum casu exheredare voluisse. ",NULL,NULL,NULL,NULL,NULL,NULL,NULL,NULL,005800060028000100020000,#VALUE!
,,Latin,58,6,28,2,1,n,"Alex. A. Heraclidae.  Si avus tuus, qui patrem tuum et novercam aequis portionibus heredes  instituit, cum te quoque haberet in potestate, testamento nominatim non  exheredavit, mortuo patre tuo vivo avo sine impedimento legis Vellaeae  succedendo in patris tui locum rupisti avi testamentum et ad te hereditas  eius tota pertinuit. <a. 225 pp. VI id. April. Fusco II et Dextro conss.>",NULL,NULL,NULL,NULL,NULL,NULL,NULL,NULL,005800060028000200010000,#VALUE!
,,Latin,58,6,28,3,1,n,"Iust. A. Iuliano pp.  Si quis filium proprium ita exheredaverit:"" ille filius meus alienus  meae substantiae fiat"", talis filius ab huiusmodi verborum conceptione  non praeteritus, sed exheredatus intellegatur. cum enim manifestissimus  est sensus testatoris, verborum interpretatio nusquam tantum valeat, ut  melior sensu existat. <a. 531 D. x k. Mart. Constantinopoli post  consulatum Lampadii et Orestis vv. CC.>",NULL,NULL,NULL,NULL,NULL,NULL,NULL,NULL,005800060028000300010000,#VALUE!
,,Latin,58,6,28,4,1,n,"Iust. A. Iohanni pp.  Maximum vitium antiquae subtilitatis praesenti lege corrigimus, quae  putavit alia esse iura observanda in successione parentum, si ex  testamento veniant, in masculis et in feminis, cum ab intestato simile  ius utrique sexui servaverunt, et aliis verbis exheredari debere filium  sanxerunt, aliis filiam, et inter nepotes exheredandos alia iura civilia,  alia praetoris introduxerunt. <a. 531 D. k. sept Constantinopoli post  consulatum Lampadii et Orestis vv. CC.>",NULL,NULL,NULL,NULL,NULL,NULL,NULL,NULL,005800060028000400010000,#VALUE!
,,Latin,58,6,28,4,2,n,"Iust.  Et si praeteritus fuerat filius, vel ipso iure testamentum evertebat vel  contra tabulas bonorum possessionem in totum accipiebat, filia autem  praeterita ius adcrescendi ex iure vetere accipiebat, ut eodem momento et  testamentum patris quodammodo ex parte iure adcrescendi evertat et ipsa  quasi scripta legatis supponeretur, ex praetore autem habebat contra  tabulas bonorum possessionem in totum, constitutio autem magni Antonini  eam in tantum coartabat, in quantum ius adcrescendi competebat. qui enim  tales differentias inducunt, quasi naturae accusatores existunt, cur non  totos masculos generavit, ut, unde generentur, non fiant.",NULL,NULL,NULL,NULL,NULL,NULL,NULL,NULL,005800060028000400020000,#VALUE!
,,Latin,58,6,28,4,3,n,"Iust.  Nam haec corrigentes et maiorum nostrorum sequimur vestigia, qui eandem  observationem colere manifestissimi sunt. scimus etenim antea simili modo  et filium et alios omnes inter ceteros exheredatos scribere esse  concessum, cum etiam centumviri aliam differentiam introduxerunt.",NULL,NULL,NULL,NULL,NULL,NULL,NULL,NULL,005800060028000400030000,#VALUE!
,,Latin,58,6,28,4,4,n,"Iust.  Et ex hac iniquitate vitium emersit, quale ex libris Ulpiani, quos ad  edictum fecit praetoris, inventum a Triboniano viro gloriosissimo nostro  quaestore ceterisque viris facundissimis compositoribus iuris enucleati  ad nostras aures relatum est.",NULL,NULL,NULL,NULL,NULL,NULL,NULL,NULL,005800060028000400040000,#VALUE!
,,Latin,58,6,28,4,5,n,"Iust.  Nam cum ultimum adiutorium de inofficiosi querella positum est et nemo  ex alio ortus praesidio ad hanc decurrere possit, inventa fuerat filia  praeterita minus habens quam filia exheredata. cum enim per contra  tabulas bonorum possessionem vel ius adcrescendi semissem substantiae  filia praeterita accipiebat et omnibus legata praestare compellebatur,  scilicet usque ad dodrantem suae portionis, remanebat ei sescuncia  tantummodo in sua successione. ",NULL,NULL,NULL,NULL,NULL,NULL,NULL,NULL,005800060028000400050000,#VALUE!
,,Latin,58,6,28,4,6,n,"Iust.  Quod si fuisset exheredata, quarta pars omnimodo totius substantiae ei  relinqui debebat, et quam iniuria dignam pater existimabat, amplius  habebat ea, quam taciturnitate in institutione praeteriit: et si secundum  nostrae constitutionis definitionem, quam de supplemento quadrantis  posuimus, repletio fuerat introducta, simili modo exheredatae in quarta  repletio accedebat et ita vitium permansit, ut nec ex nostra  constitutione emendationem aliquam sentiret. ",NULL,NULL,NULL,NULL,NULL,NULL,NULL,NULL,005800060028000400060000,#VALUE!
,,Latin,58,6,28,4,7,n,"Iust.  Sancimus itaque, quemadmodum in successionibus parentium, quae ab  intestato deferuntur, aequa lance et mares et feminae vocantur, ita et in  scriptura testamentorum eas honorari et similibus verbis exheredationes  nominatim procedere et contra tabulas possessionem talem habere, qualem  filius suus vel emancipatus, ut et ipsa, si fuerit praeterita, ad instar  filii emancipati vel sui vel testamentum ipso iure evertat vel per contra  tabulas bonorum possessionem stare hoc non patiatur.",NULL,NULL,NULL,NULL,NULL,NULL,NULL,NULL,005800060028000400070000,#VALUE!
,,Latin,58,6,28,4,8,n,"Iust.  Et haec non solum in filiabus obtinere, sed etiam in nepotibus et in  neptibus et deinceps observari censemus, si tamen ex masculis progeniti  sunt.",NULL,NULL,NULL,NULL,NULL,NULL,NULL,NULL,005800060028000400080000,#VALUE!
,,Latin,58,6,28,4,9,n,"Sed quia et aliud vitium fuerat sub obtentu differentiae introductum et  alia iura exheredationis in postumis, alia in iam natis observabantur,  cum necesse fuerat postumam inter ceteros exheredatam etiam legato  honorari, filiam autem iam progenitam et sine datione, et hoc brevissimo  incremento verborum ad plenissimam definitionem deduximus sancientes  eadem iura obtinere et in postumis exheredandis, sive masculini sive  feminini sexus sint, quae in filiis et filiabus iam statuimus, ut etiam  ipsi vel ipsae nominatim exheredentur, id est postumi vel postumae facta  mentione.",NULL,NULL,NULL,NULL,NULL,NULL,NULL,NULL,005800060028000400090000,#VALUE!
,Latin Inscription,Latin,73,7,,,,y,"Ti(berius) Cl(audius) Ti(beri) f(ilius) Pop(lilia tribu) Fatalis | Roma (centurio) leg(ionis) II Aug(ustae), leg(ionis) XX | Vic(tricis), leg(ionis) II Aug(ustae), leg(ionis) XI C(laudiae) p(iae) f(idelis), | leg(ionis) XIV G(eminae) M(artiae) V(ictricis), leg(ionis) XII Ful(minatae), | leg(ionis) X Fr(etensis), III (= tertius) hast(atus) vix(it) an(nos) | XLII, mil(itavit) ann(os) XXIII. Cl(audia) | Ionice lib(erta) et heres ob me|rita eius. O(ssa) t(ibi) b(ene) q(uiescant). T(erra) t(ibi) l(evis) s(it).",007300000700000000000000,178,heir,"29, 105","Testaments, Freed Persons","50, 410","heres, libertus",Lat. Insc. 7,007300000700000000000000,
,Syro-Roman Lawbook,Syriac,60,1,,,,n,"ܐ܂ ܕܪܓܐ ܩܕܡܝܐ ܕܝܪܬܘܬܐ. ܐܢ ܡܿܐܬ ܓܒܪܐ ܘܠܐ ܟܬܒ ܕܝܐܬܝܩܝ/ܕܝܬܩܝ#2#/܃ ܘܢܿܪܦܐ ܒܢ̈ܝܐ
ܕܟܪ̈ܐ ܘܢܩܒ̈ܬܐ܃ ܝܿܪܬܝܢ ܫܘܝܐܝܬ܂ ܐܢܕܝܢ ܢܨܒܐ ܕܢܟܬܘܒ ܕܝܐܬܝܩܝ܃ ܡܘܪܬ ܠܒܢ̈ܘܗܝ ܐܝܟ ܨܒܝܢܗ܂  ܘܠܒܢ̈ܬܐ ܝܗܿܒ ܟܠ ܚܕܐ ܡܢܗܝܢ ܦܪܢܝܬܗܿ܂ ܡܘܢ ܕܐܿܬܐ ܠܟܠ ܚܕܐ ܡܢܗܝܢ/ܘܒܗܝܢ ܡܼܢ ܬܠܿܬ ܐܘ̈ܢܝܩܝܣ ܕܩܢܝܢܗ܂ ܡܼܢ ܗܠܝܢ ܓܝܪ ܬܠܿܬ ܐܘ̈ܢܝܩܘܣ܃ ܠܟܠܗܘܢ ܒܢܘ̈ܗܝ ܕܓܒܪܐ ܡܼܢ
ܢܡܘܣܐ ܡܬܦܠܓܝܢ܂ ܘܒܗܠܝܢ ܬܫ̈ܥ ܡܩܝܡ ܝܪ̈ܘܬܐ ܠܒܢ̈ܘܗܝ ܐܝܟ ܕܨܒܿܐ܂ ܐܢܕܝܢ ܠܝܬܝܪܐ ܡܕܡ ܨܒܿܐ ܕܢܬܠ ܠܒܢ̈ܘܗܝ ܫܠܝܛ ܗܼܘ܂ ܐܢܕܝܢ ܠܝܬ ܠܗ ܒܢ̈ܝܐ ܕܟܪ̈ܐ܂ ܒܢ̈ܬܐ ܐܘܿ ܒܪܬܐ ܝܿܪܬܢ ܠܗ ܠܓܒܪܐ܂ ܐܢܕܝܢ ܠܝܬ ܠܗ ܒܢ̈ܝܐ܂ ܫܠܝܛ ܗܼܘ ܕܢܘܪܬ ܠܟܠ ܕܨܒܿܐ܂ ܐܢܕܝܢ ܡܢܫܠܝ ܢܡܘܬ ܟܕ ܒܪܐ ܠܝܬ ܠܗ܃ ܘܠܐ ܢܟܬܘܒ  ܕܝܐܬܝܩܝ܃ ܝܿܪܬ ܠܗ܂ ܐܢ ܩܝܡ ܐܒܘܗܝ ܕܓܒܪܐ܂ ܐܢܕܝܢ ܠܐ ܩܝܡ ܐܒܘܗܝ܃ ܝܿܪܬܝܢ ܠܗ ܐܚܘ̈ܗܝ ܘܐܦ ܐܚܘ̈ܬܗ  ܫܘܝܐܝܬ܂ ܘܐܢ ܩܿܝܡܐ ܐܦ ܐܡܗ܃ ܐܦ ܗܼܝ ܡܬܡܢܝܐ ܐܝܟ ܚܕ ܡܼܢ ܒܢ̈ܝܗܿ ܫܘܝܐܝܬ ܒܝܪܬܘܬܐ ܕܒܪܗܿ܂ ܐܢܕܝܢ ܢܡܘܬ ܓܒܪܐ ܡܢܫܝܠ ܟܕ ܠܐ ܢܟܬܘܒ ܕܝܐܬܝܩܝ܃ ܘܠܐ ܐܝܬ ܠܗ ܠܐ ܐܒܐ ܘܠܐ ܐܡܐ ܘܠܐ ܒܢ̈ܝܐ܃ ܘܐܝܬ ܠܗ ܕ̈ܕܐ܃ ܝܿܪܬܝܢ ܒܢ̈ܝ ܕ̈ܕܐ܂ ܘܐܢ ܓܡܪܬ ܠܗܿ ܫܪܒܬܐ ܕܐܒܐ ܘܕܕ̈ܕܐ܃ ܘܡܬܩܪܝܐ ܫܪܒܬܐ ܕܒܢ̈ܝ ܚܬܐ܃ ܐܘܿ ܕܒܢ̈ܝ ܐܚܘ̈ܬܐ܂ ܘܐܢ ܓܡܪܬ ܠܗܿ ܐܦ ܗܕܐ ܫܪܒܬܐ܃ ܡ֯ܬܩܪܝܐ ܫܪܒܬܐ ܕܥ̈ܡܬܐ ܗܢܘ ܕܝܢ ܕܒܢ̈ܝܗܝܢ ܕܟܪ̈ܐ܂ ܘܐܢ ܠܝܬ ܠܗܝܢ ܕܟܪ̈ܐ܃ ܗܝܕܝܢ ܥ̈ܐܠܢ ܢܩܒ̈ܬܐ܂ ܗܟܢܐ ܗܘܿܐ ܝܘܒܠܐ ܕܝܪܬܘܬܐ ܕܪ̈ܝܢ ܕܪ̈ܝܢ܂ ܒܕܪܓܐ ܓܝܪ ܩܕܡܝܐ ܒܠܚܘܕ ܡܫܬܘ̈ܝܢ ܕܢܐܪ̈ܬܢ ܢܩܒ̈ܬܐ ܥܡ ܕܟܪ̈ܐ ܡܼܢ ܕܪܓܐ ܕܬܪ̈ܝܢ ܐܘܿ ܕܬܠܿܬܐ ܐܘܿ ܕܫܪܟܐ ܕܡܢ̈ܝܢܐ܃ ܡܬܪ̈ܚܩܢ  ܠܗܝܢ ܢܫ̈ܐ ܘܒܢ̈ܝܗܝܢ ܕܠܐ ܢܐܪ̈ܬܢ ܥܡ ܐܚܝ̈ܗܝܢ ܐܘܿ ܥܡ ܒܢ̈ܝ
ܐܚܝ̈ܗܝܢ܂ ܐܝܬ ܠܗܝܢ ܓܝܪ ܝܪܬܘܬܐ ܠܢܫ̈ܐ ܕܢܐܪ̈ܬܢ ܥܡ ܐܚܝ̈ܗܝܢ ܘܥܡ ܐܚܘ̈ܬܗܝܢ܃ ܐܢ ܢܡܘܬܘܢ  ܕܠܐ ܕܝܐܬܝ̈ܩܐܣ ܠܐܢܫܝ̈ܗܝܢ ܘܠܐܚܝ̈ܗܝܢ ܘܠܐܚܘ̈ܬܗܝܢ܂         ܗܢܘ ܕܪܓܐ ܩܕܡܝܐ܂ ܢܡܘ̈ܣܐ ܓܝܪ ܙܪܥܐ ܕܟܝܐ ܡܒܥܪܝܢ܂ ܘܐܝܢܐ ܕܩܪܝܒ ܠܗܢܐ ܡܩܪܒܝܢ ܠܝܪܬܘܬܐ ܕܡܬܩܪܝܐ ܪܗܘܡܐܝܬ ܐܢܘܓܢܛܘܣ/ܐܢܕܓܢܛܘܣ#2#/ ܕܡܬܬܪܓܡ ܓܢܣܐ ܩܪܝܒܐ܂ ܐܢ ܓܡܿܪ ܕܝܢ ܓܢܣܐ ܩܪܝܒܐ܃ ܡܬܩܪܒ ܓܢܣܐ         ܕܢܫ̈ܐ܂ ܕܐܝܬܘܗܝ ܒܕܡܘܬ ܐܪܥܐ/ܙܪܥܐ ^ܟܕ ܐܪܥܐ^#2#/܂ ܕܡܬܩܪܝܐ ܪܗܘܡܐܝܬ ܩܘܢܓܢܛܘܣ܂ ܕܡܬܬܪܓܡ ܓܢܣܐ ܕܒܬܪ ܓܢܣܐ ܩܪܝܒܐ܂ ܐܢܕܝܢ ܩܝܡ ܐܒܘܗܝ ܕܓܒܪܐ ܟܕ ܗܼܘ ܡܿܐܬ܂ ܠܐ ܫܠܝܛ ܠܗ ܕܢܟܬܘܒ ܕܝܐܬܝܩܝ ܟܕ ܐܒܘܗܝ ܩܝܡ܂ ܐܦܢ ܐܝܬ ܠܗ ܒ̈ܢܝܐ܃ ܬܚܝܬ ܫܘܥܒܕܐ ܐܢܘܢ ܕܐܒܐ         ܕܐܒܘܗܘܢ܂ ܘܡܕܡ ܕܩܢܝܢ ܒܢ̈ܝܐ ܒܟܠ ܦܘܪ̈ܣܝܢ ܒܝܘ̈ܡܝ ܚܝ̈ܝ ܐܒܘܗܘܢ܂ ܐܘܿ ܕܐܒܘܗܝ ܕܐܒܘܗܘܢ܂ ܡܫܥܒܕ ܗܘܼ ܠܐܒܘܗܘܢ
",NULL,NULL,NULL,NULL,NULL,NULL,NULL,NULL,006000010000000000000000,x
,,Syriac,60,2,,,,n,"ܒ܂ ܐܫܬܐܠܘ ܢܡܘܣܐ܃ ܕܐܢ ܐܝܠܝܢ ܕܛܠܝܢ ܒܫܢ̈ܝܐ܃
ܡܨܝܢ ܥܒܿܕܝܢ ܕܝܐܬܝ̈ܩܐܣ܃ ܘܒܢ̈ܝ ܟܡܐ ܫܢ̈ܝܢ ܡܨܝܢ ܥܒܿܕܝܢ܂
ܛܠܝܬܐ ܕܝܢ ܥܕܡܐ ܕܗܘܿܝܐ ܒܪܬ ܬܪܬܥܣܪ̈ܐ ܫܢ̈ܝܢ ܬܚܝܬ
ܐܝܕܐ ܗܝ ܕܐܦܝܛܪܘܦܐ ܗܿܝ ܕܡܬܬܪܓܡ ܦܩܘܕܐ܂ ܘܠܐ ܡܨܝܐ
ܕܬܥܒܕ ܕܝܐܬܝܩܝ܂
ܡܐ ܕܥܒܪܬ ܕܝܢ ܠܬܪܬܥܣܪ̈ܐ ܫܢ̈ܝܢ܃ ܥܒܪܐ ܠܗܿ ܡܼܢ
ܫܘܥܒܕܐ ܕܐܦܝܛܪܘܦܐ܃ ܘܗܘܿܝܐ ܠܗܿ ܬܚܝܬ ܫܘܥܒܕܐ
ܕܩܘܪܛܘܪ܂ ܕܡܬܬܪܓܡ ܒܨܘܝܐ܂
ܘܡܼܢ ܙܒܢܐ ܕܗܘܿܝܐ ܛܠܝܬܐ ܒܫܘܥܒܕܐ ܕܩܘܪܛܘܪ܂ ܫܠܝܛܐ
ܕܬܥܒܕ ܕܝܐܬܝܩܝ܂
ܗܟܢܐ ܐܦ ܛܠܝܐ ܥܕܡܐ ܠܐܪܒܥܣܪ̈ܐ ܫܢ̈ܝܢ ܬܚܝܬ
ܫܘܥܒܕܐ ܗܘ ܕܐܦܝܛܪܘܦܐ܃ ܘܠܐ ܡܨܐ ܟܬܿܒ ܕܝܐܬܝܩܝ܂ ܡܼܢ
ܐܪܒܥܣܪ̈ܐ ܫܢ̈ܝܢ ܕܝܢ ܘܠܥܠ܃ ܗܘܿܐ ܠܗ ܬܚܝܬ ܫܘܥܒܕܐ
ܕܩܘܪܛܘܪ܂
ܗܘ̈ܝܢ ܕܝܢ ܐܝܠܝܢ ܕܛܠܝ̈ܢ ܬܚܝܬ ܫܘܥܒܕܐ ܕܩܘܘܪܛܘܪ܃
ܥܕܡܐ ܠܫܢ̈ܝܐ ܥܣܪ̈ܝܢ ܘܚܡ̈ܫ܂
ܘܡܼܢ ܥܣܪ̈ܝܢ ܘܚܡ̈ܫ ܫܢ̈ܝܢ ܘܠܥܠ܃ ܗܘܿܐ ܠܗ ܛܠܝܐ ܓܒܪܐ
ܫܠܡܐ܃ ܘܛܠܝܬܐ ܐܢܬܬܐ ܡܫܡܠܬܐ/ܡܫܟܠܠܬܐ#2#/܀",NULL,NULL,NULL,NULL,NULL,NULL,NULL,NULL,006000020000000000000000,x
,,Syriac,60,3,,,,n,"܂ ܐܢ ܡܨܐ ܐܒܘܗܿ ܕܐܢܬܬܐ ܕܡܿܐܬ ܒܥܠܗܿ ܡܦܪܢܣ
ܒܢ̈ܝܗܿ܂ ܐܢ ܝܗܿܒ ܥܪ̈ܒܐ ܡܨܐ ܗܘ ܡܦܪ̈ܢܣ܀",NULL,NULL,NULL,NULL,NULL,NULL,NULL,NULL,006000030000000000000000,x
,,Syriac,60,4,,,,n,"ܕ܂ ܐܢ ܢܡܘܬ ܓܒܪܐ ܘܢܫܒܘܩ ܒܢ̈ܝܐ ܝܬܡ̈ܐ܃ ܘܢܥܒܕ
ܕܝܐܬܝܩܝ ܘܢܟܬܘܒ ܐܦܝܛܪܘܦܐ ܥܠ ܒܢ̈ܘܗܝ ܐܘܿ ܩܘܪܛܘܪ܂
ܡܦܪܢܣܝܢ ܠܝܬܡ̈ܐ ܟܕ ܠܐ ܝܗܿܒܝܢ ܥܪ̈ܒܐ܂
ܐܢܕܝܢ ܠܐ ܢܥܒܕ ܕܝܐܬܝܩܝ ܓܒܪܐ ܘܢܡܘܬ܃ ܘܢܫܒܘܩ ܒܢ̈ܝܐ
ܘܐܝܬ ܒܗܘܢ ܒܒܢ̈ܘܗܝ ܕܗܘܘ ܒܢ̈ܝ ܥܣܪ̈ܝܢ ܘܚܡ̈ܫ ܫܢ̈ܝܢ܂
ܡܦܪܢܣܝܢ ܠܐܚܝ̈ܗܘܢ ܟܕ ܠܐ ܝܗܿܒܝܢ ܥܪ̈ܒܐ܂
ܐܢܕܝܢ ܢܡܘܬ ܓܒܪܐ ܟܕ ܠܐ ܢܥܒܕ ܕܝܐܬܝܩܝ܃ ܘܢܪܦܐ ܒܢ̈ܝܐ
ܕܛܠܝܢ܃ ܘܐܝܬ ܠܗ ܐܚܐ ܐܘܿ ܐܚ̈ܐ܃ ܠܚܕ ܡܼܢ ܐܚܘ̈ܗܝ܂ ܦܩܿܕ
ܢܡܘܣܐ ܕܢܗܘܐ ܩܘܪܛܘܪ ܐܘܿ ܐܦܝܛܪܘܦܐ܂
ܘܢܦܪܢܣ ܠܒܢ̈ܝ ܐܚܘܗܝ܂ ܟܕ ܥܠ ܐܝܕ̈ܝ ܡܟܬܒ̈ܢܐ ܟܬܒܝܢ
ܟܠܡܕܡ ܕܐܝܬ ܠܝܬܡ̈ܐ ܘܡܦܪܢܣ ܒܘܠܝܬܐ܂
ܐܢܕܝܢ ܠܝܬ ܠܗ ܐܚ̈ܐ܃ ܘܐܝܬ ܠܗ ܒܪ ܐܚܐ ܡܫܡܠܝܐ/ܡܫܟܠܠܐ#2#/܃
ܢܗܘܐ ܒܗܿ ܒܕܡܘܬܐ ܐܦܝܛܪܘܦܐ ܐܘܿ ܩܘܪܛܘܪ ܠܒܢ̈ܝ ܕܕܗ܂
ܐܢܕܝܢ ܢܡܘܬ ܓܒܪܐ ܘܢܪܦܐ ܒܢ̈ܝܐ ܕܛܠܝܢ܃ ܘܐܝܬ ܠܗ
ܐܢܬܬܐ ܘܠܐ ܟܬܒ ܕܝܐܬܝܩܝ܃ ܘܠܐ ܐܝܬ ܠܗ ܐܚ̈ܐ܃ ܘܨܿܒܝܐ
ܐܢܬܬܗ ܐܡܗܘܢ ܕܝܬܡ̈ܐ ܕܬܦܪܢܣ ܐܢܘܢ܃ ܘܿܠܐ ܠܗܿ
ܕܬܘܕܥ ܠܕܝܿܢܐ/ܠܕܐܚܕ#2#/ ܕܐܬܪܐ܃ ܘܬܩܝܡ ܩܝܡܐ ܩܕܡܘܗܝ
ܕܠܓܒܪܐ ܐܚܪܢܐ ܠܐ ܗܘܿܝܐ ܥܕܡܐ ܕܡܫܡܠܝܐ ܝܪܬܘܬܐ
ܕܝܬܡ̈ܐ ܕܐܬܗܝܡܢܬ܂
ܐܢܕܝܢ ܐܦܠܐ ܐܢܬܬܐ ܨܒܿܝܐ ܕܬܣܒܝ܂ ܛܠܝܐ/ܛܥܢܐ#2#/ ܕܒܢ̈ܝܗܿ
ܝܬܡ̈ܐ܂ ܢܡܘܣܐ ܦܩܿܕ ܠܐܣܛܪ̈ܛܝܓܐ ܕܡܕܝܢܬܐ ܕܐܝܬܝܗܘܢ
ܪ̈ܝܫܢܐ܃ ܕܗܢܘܢ ܢܫܡܗܘܢ ܠܗܘܢ ܠܝܬܡ̈ܐ ܐܦܝܛܪܘܦܐ
ܐܘܿ ܩܘܪܛܘܪ܂ ܟܕ ܝܗܿܒܝܢ ܠܗܘܢ ܐܓܪܐ ܝܕܝܥܐ ܠܘܩܒܠ ܚܝܠܐ
ܕܩܢܝܢܐ܂
ܢܡܘ̈ܣܐ ܕܝܢ ܦܩܿܕܝܢ܃ ܕܟܠܢܫ ܕܗܘܿܐ ܥܠ ܝܬܡ̈ܐ
ܐܦܝܛܪܘܦܐ܃ ܥܪܒܐ ܢܗܘܐ ܝܗܿܒ ܕܢܿܛܪ ܒܟܠ ܦܘܪ̈ܣܝܢ
ܢܟܣ̈ܝܗܘܢ ܘܩܢܝܢܗܘܢ ܕܝܬܡ̈ܐ܂ ܟܕ ܡܫܠܡ ܠܗܘܢ ܩܢܝܢܗܘܢ
ܡܐ ܕܗܘܘ ܐܢܫܐ܂
ܐܝܠܝܢ ܕܝܢ ܕܒܕܝܐܬܝ̈ܩܐܣ ܡܬܟܬܒܝܢ ܐܦܝܛܪ̈ܘܦܐ ܐܘܿ
ܩܘܪ̈ܛܘܪܣ ܦܩܿܕ ܢܡܘܣܐ܂ ܕܠܐ ܢܬܠܘܢ ܥܪ̈ܒܐ܂ ܡܛܠ
ܕܡܪ̈ܝܗܘܢ ܕܩܢ̈ܝܢܐ ܓܒܘ ܘܐܩܝܡܘ ܐܢܘܢ ܡܦܪ̈ܢܣܢܐ
",NULL,NULL,NULL,NULL,NULL,NULL,NULL,NULL,006000040000000000000000,x
Egyptian,BGU 1.326 (Will of Longinus Castor),Greek,69,9056,,,,y,"[-ca.?- ἑρμηνεί]α διαθ(ήκης).
[Γάιος Λογγῖνος Κάστωρ οὐε]τρανὸς ἐντίμως ἀπ̣ολυθε[ὶ]ς
[ἐκ κλάσσης πραιτωρί]ας Μισηνῶν [δια]θήκην ἐποί[ησ]εν.
[ἐλευθέρας εἶναι κελεύω] Μαρκέλλαν δού[λη]ν μ[ο]υ μίζονα ἐ[τ]ῶν
5 [τριάκοντα καὶ Κλεοπάτρα]ν̣ δούλην μου μ[είζονα] ἐτῶν τριάκ[οντ]α
[- ca.23 -]ομο[ ̣] ἐξ ἴσου μ[έρους] ἐμοῦ κληρον[όμο]ι̣
[ἔστωσαν οἱ δὲ λοιποὶ πά]ν[τε]ς ἀπ̣οκληρονόμοι [μου] ἔ̣στωσαν. προσε[ρ]χέσ-
[θωσαν οὖν τῇ κληρονομίᾳ] μου(?)ἑκάστη ὑπὲρ τοῦ ἰδίου μέρους ὁπότ[α]ν
[γνῷ καὶ δύνηται μα]ρ[τύ]ρασθαι ἑαυτὴν ἐμοῦ κλ[η]ρονόμον εἶναι, μὴ ἐξῖ-
10[ναι] [δ]ὲ π̣[ι]π̣[ρά]σκιν μηδὲ ὑποτίθεσθαι. ἀλλʼ εἴ τι ἐὰν ἀν[θ]ρώπιν[ο]ν πά-
[θῃ] Μαρκέλλ[α] ἡ προγεγραμμένη, τότε τὸ μέρος τῆς κληρονομίας ἑαυτῆς
[πρ]ὸς Σαραπίωνα καὶ Σωκράτην καὶ Λόγγον καταντῆσαι θέλω. ὁμοίως
[Κλε]οπάτραν τὸ μέρος αὐτῆς πρὸς Νεῖλον καταντῆσαι θέλω. ὃς ἐάν μου κλη-
[ρον]όμος γέ[νητ]αι, ὑπεύθυνος ἔστω δῶναι ποιῆσαι παρασχέσθαι ταῦ-
15 [τα] πάντα, [ἃ ἐ]ν ταύτῃ τῇ διαθήκῃ μου γεγραμμένα εἴη, τῇ τε πίστι
[α]ὐτῆς παρακατατίθομαι.
[Σαρ]α̣πιὰς δούλη μου, θυγάτηρ Κλεοπάτρας ἀπελευθέρας μου, ἐλευθέρα ἔστω
[ᾗ κ]α̣ὶ̣ δίδωμι καταλίπω ἀρούρας σιτικὰς πέντε, ἃς ἔχω περὶ κώμην Κα-
[ρα]νίδα ἐν τόπῳ λεγομένῳ Στρουθῷ, ὁμοίως ἄρουραν μίαν τέταρτον
20[κο]ιλάδος, ὁμοίως τρίτον μέρος οἰκίας μ̣ου καὶ τρίτον μέρος ἐκ τῆς αὐ-
[τ]ῆς οἰκίας, ὃ ἠγόρασα πρότερον παρὰ Ἡρᾶ Πεθεῦτος μητρὸς Θασεῦτος,
[ὁ]μοίως τρίτον μέρος φοινικῶνος, ὃν ἔχω ἔγγιστα τῆς διώρυγος, ὃ καλεῖται
Παλαι[ὰ] Διῶρυξ. ἐκκο[μι]σθῆναι περιστ[αλ]ῆναί τε ἐμαυτὸ[ν] θέλω τῇ φροντίδι καὶ εὐσεβείᾳ
τῶν [κ]ληρονόμων μου. εἴ τι ἐὰν ἐγὼ μετὰ ταῦτα γεγραμμένον καταλίπω τῇ ἐμῇ χειρὶ γεγραμμένον
οἵῳ δή[π]οτε τρόπῳ βέβα[ιό]ν μοι εἶναι θέλω. ταύτῃ τῇ διαθήκῃ δόλος πονηρὸς ἀπέστη. οἰκετίαν
χρή-
ματα τ[ε] τῆς διαθήκης γε[ι]νομένης ἐπρίατο Ἰούλιος Πετρωνιανὸς σηστερτίου νούμμου ἑνός , ζυ
5 γοστα[τοῦ]ντος Γαίου Λουκρητίου Σατορνείλου, ἐπεγνοι. ἀντ̣εμαρτύρατο Μᾶρκον Σεμπρώνιον
Ἡρα
κλια[νόν], ἐπεγνοι. ἡ δια[θή]κη ἐγένετο ἐν κ[ώ]μῃ Καρανίδι νομῷ Ἀρσινοείτῃ πρὸ ιε καλανδῶν Νο
εμβρ[ι]ῶν δυσὶ Σιλάνοις ὑ[πά]τοις (ἔτους) λ Αὐτοκράτορος Καίσαρος Μάρ[κο]υ Αὐρηλίου
Κο[μμ]όδου
Ἀντωνεί[ν]ου
Εὐσεβοῦς Εὐτυχοῦς Σεβαστοῦ Ἀρμενιακοῦ Μηδικοῦ Παρθικοῦ Σαρματικοῦ Γερμανικοῦ Ἁθὺρ κα εἰ
δέ
τι πε[ρ]ισσὰ γράμματα τῇ χειρί μου γεγραμμένα καταλίπω βέβαια εἶναι θέλω.
10 ἠνύγη καὶ ἀνεγνώσθη Ἀρσινοείτῃ μητροπόλει ἐν τῇ Σεβαστῇ ἀγορᾷ ἐν τῇ στατιῶνι τῆς εἰκοσ-
τῆς τῶν κληρονομιῶν καὶ ἐλευθεριῶν πρὸ θ καλανδῶν Μαρτιῶν ὑπάτοις τοῖς οὖσι, (ἔτους) β
Αὐτοκράτορος
Καίσαρος Λουκίου Σεπτιμίου Σευήρου Περτίνακος Σεβαστοῦ Μεχεὶρ κζ. οἱ λοιποὶ σφρα(γισταὶ)
Γάιος Λογγῖνος Ἀκύλας, ἐπέγνοι, Ἰούλιος Βολύσσιος, Μᾶρκος Ἀντίστιος Πετρωνιανὸς Ἰούλιος
Γεμέλλος οὐετρ[α]νός.
15 ἑρμηνία κωδικίλλων διπτύχων. Γάιος Λογγῖνος Κάστωρ οὐετρανὸς ἀπολυθεὶς ἐν-
τίμως ἐκ κλάσσης πραιτωρίας Μισηνῶν κωδικίλλους ἐποίησα. Μᾶρκον Σεμπρώνιον Ἡρα-
κλιανὸν φίλον καὶ ἀξιόλο[γ]ον ἐποίησα ἐπίτροπον τῇ ἰδίᾳ πίστι. συνγενεῖ Ἰουλίῳ Σερήνῳ δίδωμι
καταλίπω σηστερτίους νούμμους δ. πρὸ ζ εἰδῶν Φεβραριῶν τῇ ἰδίᾳ μου χειρὶ ἔγραψα. ἐσφρά-
γισαν Λογγῖνος Ἀκύλας καὶ Οὐαλέριος Πρίσκος· σφραγισταί Γάιος Λογγῖνος Ἀκύλας ἐπέγνοι Ἰού-
20 λιος Φιλόξενος, Γάιος Λουκρήτιος Σατορνεῖλος, ἐπέγνοι, Γάιος Λογγῖνος Κάστωρ, Ἰούλιος
Γεμέλλος οὐε-
τρανός. ἠνύγησαν καὶ ἀνεγνώσθησαν τῇ αὐτῇ ἡμέρᾳ ἐν ᾗ καὶ ἡ διαθήκη ἐλύθη.
(hand 2) Γάιος Λούκκιος Γεμινι[ανὸ]ς νομικὸς Ῥωμαικὸς ἡρμήνευσα τὸ προκίμενον ἀντίγραφον καί
ἐστιν σύμφω-
νον τῇ αὐθεντικῇ διαθήκῃ. v
[- ca.19 - Γ]αί[ου] Λογ̣γείν̣ο̣υ̣ Κ[άσ]τορος.",006900905600000000000000,"209, 245, 276, 277, 278, 279, 280, 281, 282, 283, 284","legatum, cretio, codicil, manumission by testament, fideicommissum, cumulative legacy, veteran, disinheritance, opening of testament, manumission tax, specification of assets",29,Testaments,"662, 663, 664, 665, 739","ἑρμηνεία, κωδικίλλος διπτύχων, ἐλευθέρας εἶναι κελεύω, νομικὸς Ῥωμαικὸς, διαθήκη",Egypt P. 9056,006900905600000000000000,
,Gnomon 4-20,Greek,81,4,,,,y,δ [τ]ῶν [τ]ελευτω[ν] ἀδιαθέτως ο̣ἷς οὐδείς ἐστιν ἄλλος κατὰ νόμο̣υ̣ς̣ κληρονόμος τὰ ὑπάρχοντα τῷ φίσκῳ πρ̣οσκρείνεται.,008100040000000000000000,"69, 206","intestacy, fiscus","2, 6, 10","Property, Inheritance, Acquisition","483, 484, 485","ἀδιάθετος, κατὰ νόμους κληρονόμους, προσκρίνω",Gnomon 4,008100040000000000000000,
,,Greek,81,5,,,,y,"ε τ[ὰ] ὑπὸ Ἀλεξανδρέων οἷς οὐ πρ̣οσήκει διατασσόμενα χωρεῖ τοῖς κατὰ νόμους ⟦αυ⟧ κληρονομεῖν αὐτοὺς δυναμένοις, ἐάνπ̣ε̣ρ ὦσι καὶ ἐπιδικάζονται.",008100050000000000000000,"178, 209, 211","heir, legatum, testamenti factio passiva","2, 6, 7, 10","Property, Inheritance, Citizenship, Acquisition","484, 486, 487, 488","κατὰ νόμους κληρονόμους, διατάσσω, ἐπιδικάζω, Ἀλεξανδρεῖς",Gnomon 5,008100050000000000000000,
,,Greek,81,6,,,,y,"ϛ Ἀλεξανδρεῖ οὐκ ἐξὸν διατάξαι γυναικὶ γενεᾶς αὐτῷ ἐξ αὐτῆς μὴ οὔσης πλέον τετάρτου μέρους ἧς ἔχει περιουσίας,τέκνων δὲ αὐτῷ ἐξ αὐτῆς ὄντων οὐ πλείονος ἐξὸν μερίζειν τῇ γυναικὶ ἢ ὅσων ἐὰν ἑκάστῳ τῶν υἱῶν διατάξῃ.",008100060000000000000000,"178, 209, 211","heir, legatum, testamenti factio passiva","2, 6, 7, 10","Property, Inheritance, Citizenship, Acquisition","390, 486, 488, 489, 490, 491, 493","μερίζω, διατάσσω, Ἀλεξανδρεῖς, γυνή, περιουσία, τέκνον, γενεά",Gnomon 6,008100060000000000000000,
,,Greek,81,7,,,,y,"ζ δ[ι]αθῆκαι, ὅσαι μὴ κατὰ δημοσίους χρηματισμοὺς γείνωνται, ἄκυροί εἰσι.",008100070000000000000000,"212, 213","tax collectors, public document","2, 10, 29, 36","Property, Acquisition, Testaments, Forms of Will","503, 504, 739","δημόσιοι χρηματισμοί, ἄκυρος, διαθήκη",Gnomon 7,008100070000000000000000,
,,Greek,81,8,,,,y,"η ἐὰν Ῥωμαικῇ δια⟦κ⟧θήκῃ προσκαίηται ὅτι ὅσα δὲ ἐὰν διατά[ξ]ω κατὰ πινα̣κ̣ίδας Ἑλληνικὰς κύρια ἔστω, οὐ παραδεκτέα[ἐ]στίν, οὐ γὰρ ἔ[ξ]εστιν Ῥωμαίῳ διαθήκην Ἑλληνικὴν γράψαι.",008100080000000000000000,"209, 212","legatum, tax collectors","2, 6, 7, 10","Property, Inheritance, Citizenship, Acquisition","505, 506, 507, 739","κατὰ πινακίδας Ἑλληνικὰς, κύρια ἔστω, οὐ παραδεκτέα ἐστίν, διαθήκη",Gnomon 8,008100080000000000000000,
,,Greek,81,9,,,,y,"θ τ[ο]ὺς ἀπελευ[θ]έ̣ρους τῶν ἀστῶν \ἀτέκνους/ καὶ ἀδιαθέτους τελευτῶν τας κληρονο[μ]ο̣ῦσιν οἱ πάτρωνες ἢ οἱ τούτων υἱοί, ἐὰν ὦσικαὶ ἐπιδικά[ζ]ο̣νται, θυγατέρες δὲ ἢ ἄλλος τι\ς/ οὐ κληρονομήσουσι ἀλλὰ̣ ὁ φίσκος.",008100090000000000000000,"69, 178, 206","intestacy, heir, fiscus","2, 6, 10, 111","Property, Inheritance, Acquisition, Taxation","483, 487, 508, 509, 510, 512, 513","ἀδιάθετος, ἐπιδικάζω, ἀπελεύθερος, ἀστός , ἄτεκνος, κληρονομέω, πάτρων",Gnomon 9,008100090000000000000000,
,,Greek,81,10,,,,y,"ι ὅσα ἐὰν ἀπελ[ε]ύθερος διατάξη\ταί/ τινι οὐκ ὄντι τῆς αὐτῆς τά̣ξεως, ἀναλαμβάνεται.",008100100000000000000000,"165, 207, 209","freedperson, seizure, legatum","2, 6, 10","Property, Inheritance, Acquisition","486, 508, 514, 553","διατάσσω, ἀπελεύθερος, τῆς αὐτῆς τάξεως, ἀναλαμβάνω",Gnomon 10,008100100000000000000000,
,,Greek,81,11,,,,y,ια γυνὴ Κρηνέα τέκνον οὐ κληρ[ο]νομεῖ.,008100110000000000000000,178,heir,"2, 6, 7, 10","Property, Inheritance, Citizenship, Acquisition","489, 491, 512, 516","γυνή, τέκνον, κληρονομέω, Κρηνέα",Gnomon 11,008100110000000000000000,
,,Greek,81,12,,,,y,ιβ τὰ ἐκ Κρηνέας κα̣ὶ̣ ξένου γενόμενα τέκνα τοὺς γονεῖς ἀμφοτέ[ρ]ους κληρονομεῖ.,008100120000000000000000,178,heir,"2, 6, 7, 10","Property, Inheritance, Citizenship, Acquisition","512, 516, 517","κληρονομέω, Κρηνέα, ξένος",Gnomon 12,008100120000000000000000,
,,Greek,81,13,,,,y,ιγ τὰ ἐξ ἀστῆς καὶ ξένο̣υ γενόμενα τέκνα ξένα γεί̣νεται καὶ οὐ κληρονομεῖ τὴν μητέρα.,008100130000000000000000,"69, 178, 211","intestacy, heir, testamenti factio passiva","2, 6, 7, 10","Property, Inheritance, Citizenship, Acquisition","491, 512, 517, 518, 519","τέκνον, κληρονομέω, ξένος, ἀστή, μήτηρ",Gnomon 13,008100130000000000000000,
,,Greek,81,14,,,,y,ιδ οὐκ ἐξὸν ἀστῷ ἀπελευθέροις διατάσσειν πλέον φ (δραχμῶν) ἢ [μ]ηνιαίων (δραχμῶν) ε.,008100140000000000000000,"209, 211","legatum, testamenti factio passiva","2, 6, 10","Property, Inheritance, Acquisition","486, 520, 521","διατάσσω, ἐξ ἔστιν, ἀστός ἀπελεύθερος",Gnomon 14,008100140000000000000000,
,,Greek,81,15,,,,y,ιε οὐκ ἐξὸν ἀπελευθέραις ἀστῶν διατίθεσθαι ὥσπερ οὐ[δ]ὲ ἀσταῖς.,008100150000000000000000,"212, 217","tax collectors, testamenti factio activa","2, 6, 10","Property, Inheritance, Acquisition",NULL,NULL,Gnomon 15,008100150000000000000000,
,,Greek,81,16,,,,y,"ιϛ ὅσα ἀπελευθέροις Ῥωμαίων διατάσσεται ἐπὶ τῷ καὶ εἰς ἐ̣γ̣γόνους αὐτῶν ἐλθεῖν, ἐὰν ἀποδειχθῇ τὰ ἔγγονα μηδέπω γε̣[γο]νότα ὅτε ἡ διάταξις ἐγράφετο, ἐγλιπόντων τῶν λαβόντων ἀνα[λ]αμβάνεται.",008100160000000000000000,"207, 209, 211, 212, 218, 219","seizure, legatum, testamenti factio passiva, tax collectors, incertae personae, postumus alienus","2, 6, 10","Property, Inheritance, Acquisition","254, 486, 508, 538, 540, 541, 553","ἀποδείκνυμι, διατάσσω, ἀπελεύθερος, Ῥωμαῖος, ἔγγονος, γράφω, ἀναλαμβάνω",Gnomon 16,008100160000000000000000,
,,Greek,81,17,,,,y,"ιζ τὰ καταλειπόμενα εἰς θυσίας κατοιχομένων, ὅταν μη[κ]έ̣τι ὦσιν οἱ ἐπιμεληθησόμενοι του, ἀναλαμβάνεται.",008100170000000000000000,"207, 212, 218, 220","seizure, tax collectors, incertae personae, bona vacantia","2, 6, 10","Property, Inheritance, Acquisition","543, 544, 545, 546, 553","τὰ καταλειπόμενα, θυσία, κατέχω, οἱ ἐπιμεληθησόμενοι, ἀναλαμβάνω",Gnomon 17,008100170000000000000000,
,,Greek,81,18,,,,y,"ιη τὰ\ς/ κατὰ πίστιν γεινομένας κληρονομίας ὑπὸ Ἑλλήνω̣ν̣ \εἰς/ ⟦ὑπὸ⟧ Ῥωμαίους ἢ ὑπὸ Ῥωμαίων \εἰς/ Ἕλληνας ὁ θεὸς Οὐεσπασιανὸς̣ [ἀ]νέλαβεν, οἱ μέντοι τὰς πίστεις ἐξωμολογησάμενοι τὸ ἥμισ[υ ε]ἰ̣λήφασι.",008100180000000000000000,"178, 207, 221","heir, seizure, hereditates fideicommissariae","2, 6, 10","Property, Inheritance, Acquisition","20, 547, 548, 549, 550, 551, 552, 553, 554, 555, 556","κληρονομία, κατὰ πίστιν, ὑπὸ Ἑλλήνων, εἰς Ῥωμαίους, ὑπὸ Ῥωμαίων, εἰς Ἕλληνας, θεὸς Οὐεσπασιανὸς, ἀναλαμβάνω, τὰς πίστεις ἐξωμολογησάμενοι, τὸ ἥμισυ, λαμβάνω",Gnomon 18,008100180000000000000000,
,,Greek,81,19,,,,y,"ιθ τὰ διατασσόμενα ἀπελευθέροις οὐδέπω ἐσχηκό[σι ν]ο̣μ̣ί̣μην ἀπελευθέρωσιν ἀναλαμβάνεται. νομίμη δέ ἐστ̣ι̣ν̣ [ἀ]π̣ελευθέρωσις, ἐὰν ὁ ἀπελευθερούμενος ὑπὲρ τρίοκοντα [ἔ]τ̣[η] ἦν γε[γ]ο̣νώς.",008100190000000000000000,"207, 209","seizure, legatum","2, 6, 10, 43","Property, Inheritance, Acquisition, Manumission","486, 508, 553, 557, 558, 559","διατάσσω, ἀπελεύθερος, ἀναλαμβάνω, ἀπελευθέρωσις, νόμιμος, ἀπελευθερούμενος",Gnomon 19,008100190000000000000000,
,,Greek,81,20,,,,y,κ δουλευ ἐν δεσμοῖς γενομένῳ καὶ ὕστερον ἀπελ̣ευθερωθέ̣ντι ἢ καὶ μηδέπω τριάκοντα ἐτῶν γενομένῳ τὰ δια̣τ̣ασσόμενα ἀναλαμβ(άνεται).,008100200000000000000000,NULL,NULL,"1, 2, 6, 8, 10","Status, Property, Inheritance, Slavery, Acquisition",NULL,NULL,Gnomon 20,008100200000000000000000,
,P.Oxy 38.2857 (TM),Greek,69,22244,,,,y,"Τ̣ι̣[βέ]ρ̣ι̣ο̣ς Κλαύδιος Τιβε[ρί]ου [  ̣  ̣]ελεύθερος Ἀλέξανδρος διαθή-
κην ἔθ[ε]τ̣[ο].
Κ[λαυ]δία Θεανοῦς ἡ συνεξελευθέρα μου πάντων τῶν ὑπαρχόντ(ων)
μοι ἐμοὶ κληρονόμος ἔστω, οἱ δὲ λοιποὶ πάντες ἀποκληρόνομο(ί)
5μοι ἔστωσαν̣· αὑτή τε κατάδικος ἔστω διδόναι ποιεῖν πάντα ὅσα ἐν
ταύτῃ τῇ δ̣ι̣αθήκῃ ἐνγεγραμμένα ἔσονται χωρὶς δόλο(υ) πονηρο(ῦ),
ἀποφηνάσ̣[θ]ω τε τὴν κληρονομίαν μ̣ου ἐν ἡμέραις ρ ταῖ̣ς̣ ἔνγιστα
α[ἷ]ς̣ γ̣νώσε̣[ται] δυνήσεταί τε μαρτύρ[εσ]θαι ἑαυτήν μου κληρονόμο(ν)
[εἶνα]ι. ἐὰν [δὲ] μὴ ἀ̣ποφήνη[τα]ι̣ μήτ[ε μ]αρτύρητ(αι), ἀποκληρόνομο(ς) ἔσ̣τ̣ω̣.
10  ̣[  ̣  ̣  ̣] Τι̣β[έριο]ς Κλαύδιος̣ Π̣τ[ολε]μ̣αῖο̣[ς] ὁ ταύτης υἱὸς δευτέρῳ τόπῳ
[ἐμοὶ κλ]η̣ρ̣[ον]ό̣μος ἔστω̣, οἱ δ̣  ̣  ̣[  ̣  ̣]  ̣ [πά]ντες ἀποκληρόνομοι ἔσ-
[τωσα]ν· ο[ὗτό]ς τε κα̣τ̣ά̣δ̣ι̣κος ἔστω [δι]δόναι ποιεῖν πάντα ὅσα
[  ̣  ̣  ̣]  ̣[  ̣  ̣  ̣  ̣]ν̣ μ̣ο̣υ̣ [κ]ληρ̣ο̣νόμ[ο]ν̣ μητέρα τε αὐτο[ῦ] διδόναι
  ̣[  ̣]  ̣  ̣  ̣  ̣[  ̣  ̣] ἀποφηνά̣σ̣θ̣ω̣ τε τὴν [κλη]ρονομίαν μου ἐν [ἡ]μέραις
15  ̣[ταῖς ἔ]ν̣γι[σ]τ̣α̣ χ̣ω̣ρ̣ὶς [δό]λ̣ου πονη[ρ]οῦ. ὅστις μου κληρονόμος
  ̣[ -3-4- ]ητα̣ι [- ca.11 - π]α̣ρ̣α̣τίθεμαι δῶναι(*). Τιβερίωι
[Κλαυ]δ̣ίῳ Θεωνᾷ(*) συν[εξελευθ]έρῳ μου δίδωμι καταλίπω(*) (δραχμὰς) ἑκατόν ·
Τιβερίῳ Κλαυδίῳ Δημ̣[η]τ̣ρ̣ί̣ῳ σ̣υν̣ε̣ξ̣ελευθέρ[ῳ] μου δίδωμι κα-
τ̣α̣λ̣ί̣π̣ω̣(*) δραχμὰς ἑκα̣[τ]ό̣ν . τοῦ σώ̣ματός μου [τ]ὴν ἐπιμέλειαν
20τῷ κληρονόμῳ μου [κ]αταλείπω, εἰς ὃ δαπανηθῆναι θέλω
μὴ ἔλαττον δραχμῶ[ν] ἑκατόν . ἐὰν δέ τι μετὰ ταύτην μου
[τὴ]ν̣ διαθήκην πιν̣[α]κ̣είσι(*) κωδικίλλοις χ[ά]ρτῃ ἢ ἄλλῳ τινὶ
[  ̣  ̣]  ̣ει ὑπʼ ἐμοῦ γεγραμμένον ἢ ὑπογεγραμμένον ἐσφρα-
[γισ]μένον τε καταλε̣[ί]πω, διʼ οὗ δοθῆναί τι ἢ γενέσθαι παρέ̣-
25χειν τε ἐπιτρέψω κωλύσω τε, ἐν ἴσῳ βέβαιον εἶναι θέλω
ὡς καὶ ταύτην μου τὴν διαθήκην. ταύτης τῆς διαθήκης
δό̣λος πονηρὸς ἀπίτω. οἰκετείαν χρήματά τε διαθήκης
γε[ιν]ο̣μ̣έ̣[ν]η(ς) ἐπρίατο ⁦ vac. ? ⁩ σηστ(ερτίω) νούμμ(ῳ) α̣
[ζ]υ̣γοστατοῦντος ⁦ vac. ? ⁩
30[ἀ]ν̣τεμαρτύρατο ⁦ vac. ? ⁩
ἡ δ[ι]αθήκη ἐγένετο ἐν Ὀξυρύγχ(ων) πόλ(ει) τῆς Θηβαΐδος πρὸ ιϛ Καλανδ(ῶν)
Ἰουνίων Λ̣ουκίῳ Ἰουλίῳ Οὔρσῳ Σερουιανῷ τὸ γ Τίτο Οὐιβίῳ
Οὐ[ά]ρῳ ὑπάτοις (ἔτους) ιη αὐτοκράτορος Καίσαρος Τραϊανοῦ
Ἁ[δρι]ανοῦ σε[βα]στοῦ Παχών κβ. (hand 2) Τιιβέριος(*) Κλαύδιος
35Ἀλέξανδρος ἀνέγνων μου τὴν δι̣α̣θήκην πρὸς
[ἣν] ἠθέλησα τὴν Ῥ̣ωμα̣ϊκήν μου̣ γ̣[ρ]α̣φῆναι.
[συμ]φ̣ω̣νῖ(*) μοι [γ]ὰρ π̣ά̣ντα ὡ[ς πρ]ό̣κ[ιτ]αι.",006902224400000000000000,"240, 244, 245","fictive sale, burial rites, cretio","33, 38","Disinheritance, Legacies","42, 205, 508, 590, 591, 593, 595, 595, 596, 598, 599, 600, 739","exheredatio, κληρονόμος, ἀπελεύθερος, διαθήκην ἔθετο, κληρονόμος ἔστω, χωρὶς δόλου πονηροῦ, ἀποκληρόνομος, ἀποκληρόνομος, ἐπιμέλεια, dolus malus abesto, ζυγοστατέω, emptio familiae, διαθήκη",Egypt P. 22244,006902224400000000000000,
,P.Oxy 1.105 (TM),Greek,69,20764,,,,y,"[ἔτους   ̣  ̣ Αὐτοκράτορος Καίσαρος Τραιανοῦ Ἁδρια]νοῦ Σεβαστοῦ, Τῦβι ιγ, ἐν Ὀξυρύγχων πόλει τῆς Θηβαίδος, ἀγαθῇ τύχηι.
[τάδε διέθετο νοῶν καὶ φρονῶν Πεκῦσις Ἑρμοῦ τοῦ Π]εκύσιος μητρὸς Διδύμης τῆς Φιλώτου τῶν ἀπʼ Ὀξυρύγχων πόλεως ἐν ἀγυιᾷ· ἐφʼ ὃν μὲν περίειμι χρόνον ἔχειν με τὴν κατὰ τῶν ἐμῶν ἐξουσίαν
[- ca.37 - κ]α̣ὶ μεταδιατίθεσθαι. ἐὰν δὲ ἐπὶ ταύτῃ τελευτήσω τῇ διαθήκῃ, κληρονόμον ἀπολείπω τὴν θυγατέρα(*) μου Ἀμμωνοῦν μητρὸς Πτολεμᾶς, ἐὰν ζῇ, ε[ἰ δὲ]
[μή, τὴν ταύτης γενεάν, τῶν ὑπαρχόντων μοι] ἐπʼ ἀμφόδου Κρητικοῦ μερῶν κοινωνικῆς(*) οἰκίας καὶ αὐλῆς καὶ καμαρῶν. τὰ δὲ ὑπʼ ἐμοῦ ἀπολειφθησόμενα σκεύη καὶ ἔπιπλα καὶ ἐνδομενείαν καὶ εἴ τι ἄλλ[ο]
5[ἐὰν ἔχω, πάντα καταλείπω τῇ τῶν μὲν ἐμῶν τέκνω]ν μητρὶ ἐμοῦ δὲ γυναικὶ Πτολέμᾳ, ἀπελευθέρᾳ Δημητρίου Ἑρμίππου, ἐπὶ τῷ αὐτὴν ἔχειν ἐπὶ τὸν τῆς ζωῆς αὐτῆς χρόνον τὴν χρῆσιν καὶ ἐνοίκησιν καὶ ἐνοι-
[κίων ἀποφορὰν τῶν μερῶν](*)[ οἰκίας καὶ αὐλῆς καὶ καμ]αρῶν. ἐὰν δὲ συμβῇ τὴν Ἀμμωνοῦν ἄτεκνον καὶ ἀδιάθετον τελευτῆσαι, ἔσται τὰ μέρη τῶν ἐνγαίων τοῦ ὁμομητρίου αὐτῆς ἀδελφοῦ Ἀντᾶτος, ἐὰν ζῇ, εἰ δὲ μή,
[- ca.20 - καὶ μὴ ἐξεῖναι μηδενὶ ἄλλῳ π]α̣ρ̣ενχιρεῖν(*) τοῖς ὑπʼ ἐμοῦ διατεταγμένοις, ἢ τὸν παραβάντα τι τούτων ἀποτίνειν τῇ θυγατρὶ μου καὶ κληρονόμῳ Ἀμμωνοῦτι ἐπιτίμου δραχμὰς χειλίας(*) καὶ
[- ca.37 -] (hand 2) Πεκῦσις Ἑρμοῦ τοῦ Πεκύσιος καταλείπω μετὰ τελευτήν μου κληρονόμον τὴν θυγατέρα
[μου Ἀμμωνοῦν τῶν ἐπʼ ἀμφόδου Κρητι]κοῦ μερῶν οἰκίας καὶ αὐλῆς καὶ καμαρῶν· τῇ δὲ γυναικί μου Πτολέμᾳ καταλείπω πάν-
10[τα τὰ σκεύη μου καὶ ἔπιπλα καὶ ἐ]νδομενείαν καὶ εἴ τι ἄλλο αἰὰν(*) χω(*), καὶ ἐφʼ ὅσον ζῇ τὴν ἐνοίκησιν τῶν μερῶν τῆς οἰκ-
[ίας καὶ αὐλῆς καὶ καμαρῶν. ἐὰν δ]ὲ ἡ Ἀμμωνοῦς ἄτεκνος καὶ ἀδιάθετος τελευτήσῃ, ἔστω τὰ μέρη τῶν ἐνγαίων τοῦ
[ὁμομητρίου αὐτῆς ἀδελφοῦ Ἀ]ν[τ]ᾶτος ὡς πρόκιται. εἰμὶ ἐτῶν τεσσαράκοντα τεσσάρων , οὐλὴ τραχήλῳ ἐξ ἀριστερῶν,
[καὶ ἔστι μου ἡ σφραγὶς Ἄμ]μωνος.(*). (hand 3) Σαραπίων Σαραπίωνος τοῦ Διονυσίου ἀπὸ τῆς αὐτῆς πόλεως μαρτυρῶ τῇ τοῦ Πεκυσις(*) διαθήκῃ, καὶ
[εἰμὶ ἐτῶν   ̣  ̣, οὐλὴ   ̣  ̣  ̣  ̣  ̣  ̣, καὶ ἔστι μου ἡ σφ]ραγὶς Διονύσου. (hand 4) Ἑκάτων Σαραπίωνος τοῦ Ἑκάτωνος ἀπὸ τῆς αὐτῆς πόλεως μαρτυρῶ τῇ τοῦ Πεκύσιος διαθήκῃ, καὶ εἰμὶ
15[ἐτῶν   ̣  ̣, οὐλὴ - ca.13 - , καὶ ἔστι μο]υ ἡ σφραγὶς Σαράπιδος. (hand 5) Παποντὼς Διογένους τοῦ Παποντῶτος ἀπὸ τῆς αὐτῆς πόλεως μαρτυρῶ τῇ τοῦ Πεκύσιος
[διαθήκῃ, καὶ εἰμὶ ἐτῶν   ̣  ̣  ̣  ̣  ̣  ̣  ̣, καὶ] ἔστιν μου ἡ σφραγὶς Διὸς ἐπʼ ἀέτῳ(*). (hand 6) Ζωίλος Ζωίλου τοῦ Πανεχώτου τῶν ἀπὸ τῆς αὐτ-
[ῆς πόλεως μαρτυρῶ τῇ τοῦ Π]εκύσεος διαθήκῃ, καὶ ἰμὶ(*) ἐτῶν τεσσαράκοντα ὀκτὼ , \οὐλὴ/ πήχι(*) ἀριστερῷ, ἡ
[δὲ σφραγίς μού ἐστιν   ̣  ̣  ̣  ̣  ̣  ̣ Ἁ]ρποκράτου ἐπὶ κιβωρτωι. (hand 7) Ἡρᾶς ὁ καὶ Σάιος Ζηνᾶτος τοῦ Ἡρᾶτος ἀπὸ τῆς αὐτῆς πόλεως μαρτυρῶι(*) τῇ τοῦ Πεκύσιος
[διαθήκῃ, καὶ εἰμὶ ἐτῶν - ca.10 -, οὐλὴ ἀντικνημ]ίωι δεξιῶι, καὶ ἔστι μου ἡ σφραγὶ[ς π]ρ[ο]τομὴ(*) φιλ[ο]σόφου. (hand 8) Διονύσιος Διον[υσ]ίου τ[ο]ῦ Διογένους ἀπὸ τῆς αὐτῆ[ς] πόλεως μαρτ[υ]ρῶ
20[τῇ τοῦ Πεκύσιος διαθήκῃ, καὶ εἰμὶ] ἐτῶν τεσσαράκοντα ἕξ , οὐλὴ παρὰ κρόταφον δεξιόν, καὶ ἔστι μου ἡ σφραγὶς Διονυσοπλάτωνος. (hand 9) μν̣η̣μ̣(ονείου)(*) Ὀξυρ(ύγχων) πόλ(εως).
[ἔτους   ̣  ̣ Αὐτοκράτορος Καί]σαρος Τραιανοῦ Ἁδριανοῦ Σεβαστοῦ(*), Τῦβι ιγ.
[⁦ -ca.?- ⁩ διαθήκη Πεκύσιος Ἑρ]μοῦ τοῦ Πεκύσιος μητρὸ(ς) Διδύμης Φιλώτου ἀπʼ Ὀξ(υρύγχων) π[ό]λ(εως).",006902076400000000000000,"83, 263, 264, 265, 266","bequeathal clause, Right of habitation for the wi, penalty for breach of will, substitutio vulgaris, usufructus",29,Testaments,"24, 205, 297, 483, 508, 510, 643, 739","χρῆσις, κληρονόμος, ἐξουσία, ἀδιάθετος, ἀπελεύθερος, ἄτεκνος, ἐνοίκησις, διαθήκη",Egypt P. 20764,006902076400000000000000,
,sb 30.17458 (TM),Greek,69,873585,,,,n,"ἔτους ἕκτου Αὐτοκράτ̣ο̣ρος Καίσαρος Τραιανοῦ Ἁδ̣ριανο̣ῦ̣ Σ̣ε̣β̣α̣σ̣τ̣ο̣ῦ̣ μ[η]ν̣ὸς Ἀπελαίου(*) Φαῶφι κζ
[ἐν] Καρανίδι τῆς Ἡρακλίδου(*) μερίδος τ̣ο̣ῦ̣ Ἀ̣ρ̣σινοε̣ί̣[το]υ(*) νομοῦ. ὁμολογεῖ Θαῆσις Κάστορος τοῦ
Ἡρᾶ ἀπὸ τῆς προγ̣ε̣γ̣ραμμένης κώμης Καρανίδος ὡς ἐτῶν ἑξήκοντα δύο οὐλὴι(*) μετόπωι(*) ἐξ ἀριστερῶν
μετὰ κυρίου τοῦ ἑαυτῆς ἀνδρὸς Πακύσιος τοῦ Σοκμήνιος ὡς ἐτῶν ἑξήκοντα ἑπτὰ οὐλὴι(*)
5ἀντικνημίωι̣ δεξιῶι συνκεχωρηκέναι(*) μετὰ τὴν ἑαυτῆς τελευτὴν εἶναι τῶν γεγονότ(ων)
αὐτῆι ἐκ τοῦ Π̣ακύσιος τ̣έκνων Σοκμή̣νεως ἐστρατευμένου καὶ Κάστορος καὶ
Θερμούθιος τοῦ μὲν Σοκμήνιος ἐστρατευμένου καὶ Κάστορος τῶν δύο κοινῶς
ἐξ ἴσου τὰ ὑπάρχοντα αὐτῆι ἐν Καρανίδι οἰκίδια δύο καὶ αὐλύδρια δύο ὄντα ἀπὸ νότου καὶ
βορρᾶ τῆς ὑπαρχούσης τῷ πατρὶ Πακῦσι οἰκίας καὶ αὐλῆς καὶ τὰ ἑαυτῆς ἀπολειφθησόμενα
10ἐπί̣π̣λοα(*) καὶ σκεύηι(*) καὶ ἐνδομενίαν κ̣(αὶ(?)) ἐνοφ[ει]λ̣όμενα αὐτῆι καθ’ ὃν δήποτε οὖν τρόπον,
τοῦ δὲ Κάστορος μόνου τὴν ὑπάρχουσαν αὐτῆι περὶ Κερκεσοῦχα κλήρου κατοικικοῦ
ἄρουραν μίαν τέταρτον κ̣α̣ὶ̣ τῆς Θ̣ε̣ρμούθιος ἀ̣ρ̣γ̣υρίου δραχμὰ̣ς ἑξήκοντα καὶ τῶν τῆς Θαήσι(ος)
τετελευτηκυίης(*) θυγατρὸς Θατρῆτος τῆς Κάστορος τέκνων Σωκράτους καὶ Κάστορος
καὶ Μελανᾶτος τῶν τριῶν κοινῶς ἐξ ἴσου ἀργυρίου δραχμὰς ἑξήκοντα ἅσπερ ἐπὶ τὸ
15αὐτὸ ἀργυρίου δραχμὰς ἑκατὸν εἴκοσι ἀποδώσουσι αὐτοῖς ὅ τε Σοκμῆνις ἐστρατευμένος καὶ
ὁ̣ Κάστωρ κοινῶ̣ς̣ ἐξ ἴσου. ἐὰν δὲ συμβῇ τινα τοῦ Σοκμήνεως ἐστρατευμένου καὶ
[Κάσ]τορος ἄτεκνον καὶ ἀδιάθετον τελευτ̣ῆσαι εἶναι τὰ τοιούτου ὑπάρχοντα τοῦ περιόντος
ἀπ’ α̣ὐτῶν. ἐφ’ ὃν δὲ χρόνον περίεστιν ἡ ὁμο[λο]γοῦσα Θαῆσις ἔχειν ἁπάν̣[τω]ν̣ ἐξουσίαν
πωλεῖν παραχωρεῖν ὑποτίθεσθαι μεσιτεύιν(*) μεταδιατάσσιν(*) οἰκονομεῖν ὡς εἰὰν(*) αἱρῆται.
20μάρτυρες Ἄνυτ̣ο̣ς̣ Σοκμ̣ή̣ν̣εως ὡς ἐτῶν ἑβδομήκοντα ἐ̣ν̣ν̣έ̣α̣ ο̣ὐ̣[λ]ὴι(*) [  ̣]ο̣  ̣  ̣η̣ι̣- ca.12 - ἀριστερ  ̣  ̣
καὶ Σοκμῆνις Σαταβοῦτος ὡς ἐτῶν τριάκοντα ἑ̣π̣τ̣ὰ̣ οὐλὴι(*) δακτύλωι μικρῶι χειρ(ὸς) ἀριστερᾶς καὶ Πατερμοῦθις
Κάστορος ὡς ἐτῶν τεσαράκοντα(*) πέντε οὐλὴι(*) ὑπὸ ὀφθαλμὸν δεξιὸν καὶ Σαταβ̣ο̣ῦς Ἀγχώφεως ὡς ἐτῶν τριά(κοντα)
πέντε οὐλὴι(*) μετόπωι(*) μέσ(ωι) ὑπὸ τρίχα καὶ Χαιρήμ̣ων Φαῆ̣τ̣ο̣ς̣ ὡς ἐτῶν πεντήκοντα οὐλὴι(*) μήλωι
ἀριστερῶι καὶ Χαιρήμων Πτολεμαίου ὡς ἐτῶν τεσ[σα]ρ̣ά̣κοντα ὀκτὼ οὐλὴι(*) μετόπωι(*) ἐξ̣ ἀριστερῶ<ν>. οἱ ἕξ.
25(hand 2) Θαῆσις Κάστορος μετὰ κυρίου τοῦ ἀνδρὸς Πακῦσις(*) τοῦ Σωκμήνε-
ως(*) ὁμολογῶ συνκεχωρηκέναι(*) μετὰ τὴν τελευτὴν μου εἶναι
[τῶ]ν τέκνων μου τοῦ μὲν Σωκμήνεως(*) ἐστρατευμένου
καὶ Κάστορος τῶν δύο κοινῶς ἐξ ἴσου τὰ ὑπάρχον[τά μ]οι ἐν
Κ̣αρανίδι οἰκίδια δύο καὶ αὐλύδρια δύω(*) ὄντα ἀπὸ νότου καὶ
30βορᾶ(*) τῆς τοῦ ἀνδρὸς Πακύσεως οἰκίας καὶ αὐλῆς καὶ τ̣ὰ ἐπί̣πλο-
ά(*) μου καὶ σκεύη καὶ ἐνδομενίαν καὶ ἐνοφειλόμενά μοι καθ’ ὁν-
[δήποτε οὖν τρ]όπον, τοῦ δὲ Κά[σ]τ̣ο̣[ρ]ο̣ς̣ μ̣ό̣ν̣[ου τὴν ὑ]πάρχου-
σάν μου π[ε]ρὶ Κερκασοῦχαν(*) κλήρου ἄρουρ[αν μίαν] [τέ]τ̣α̣ρ̣τον
καὶ τῆς Θερμούθιος ἀργυρ[ίου δ]ραχμὰς ἑξήκοντα καὶ τῶν
35τῆς τετελευτηκυίης(*) μ̣ο̣υ θυγατρὸ̣ς̣ Θατρῆτος τῆς Κά[σ-]
τορος Σωκράτους καὶ Κάστορος καὶ Μελανᾶτος τῶν τριῶν
[κο]ινῶς ἐ̣ξ̣ ἴ̣σ̣ο̣υ̣ ἀργυρίου δραχμὰς ἑξήκοντα ἅσπερ ἐπὶ τὸ
αὐτὸ ἀργυρίου δραχμὰς ἑκατὸν εἴκοσι ἀποδώσουσι αὐτοῖς
-- -- -- -- -- -- -- -- -- --",NULL,NULL,NULL,NULL,NULL,NULL,NULL,NULL,006987358500000000000000,x
,P. Kron. 50 (TM),Greek,69,11572,,,,y,"ἔτο[υς δευτέρου καὶ] εἰκοσ[τοῦ] Αὐτοκράτορος [Καίσαρος Τραι]ανοῦ Ἁ̣δριανοῦ Σεβ[αστοῦ], Π[α]ῦνι ιθ, ἐν Τεβτ[ύνι] τῆς [Π]ολέ[μ]ων[ο]ς με[ρίδο]ς τοῦ [Ἀ]ρσινοείτου
[νομοῦ.] ὁμολογεῖ [Κρο]νίων Χεῶ[τος] τοῦ Ἁρμιύσι[ος] μητρὸς Τ[αο]ρσενούφεω[ς] ἀπὸ κώμ[ης] Τεβτύνε[ως] ὡς ἐτῶν ἑβδομήκοντα
πέντε [οὐλὴ χειρὶ] δεξιᾷ συ[ν]κεχωρηκέν[αι μετ]ὰ [τ]ὴν ἑαυτο[ῦ τ]ε[λ]ευτὴν [τ]οῖς τε γεγονό[σι] αὐτῷ ἐκ τῆ[ς] μετηλλαχυίας αὐτοῦ γυναικὸς Θεναπύγ-
χε[ω]ς τ[ῆς Πατύνεως υ]ἱοῖ[ς] Ἁ[ρμ]ιύσι καὶ Ἁρφα[ήσι] ἔτι δὲ καὶ τῇ [τ]ῶν ἑτέρων α[ὐτ]οῦ Κρονίωνος τέκνων Κ[ρο]νίωνος καὶ Ταορσενούφε[ως] θυγατρὶ Τεφορ-
5σάϊτι ἀ[φήλικι, τοῖς τ]ρ[ισ]ὶ κληρον[ό]μοις, π[ά]νθʼ ὅ[σα] ἂν καταλεί[ψ]ῃ ὁ πατὴρ Κρ[ονί]ων παντοῖα ὑπάρχοντα [καὶ] ἐπίπλοα καὶ σκεύη καὶ [ἐνδ]ομενείαν καὶ
ἄ̣λ̣λ̣α̣ καὶ [πάντα τὰ ἐ]νωφειλ[ομέ]να αὐτῶι ἢ [καὶ] ἕτ[ε]ρα καθʼ ὁνδήποτε τρόπο[ν] ἑ[κ]άστωι ἐξ ἴσου κατ(*) ο(*) τ̣ρ̣ίτον̣ μέρος· τοῖς δὲ ἑ[τέ]ρο[ι]ς αὐτοῦ
Κρονί[ων]ο̣ς̣ [τέ]κνοις Κ̣ρ̣ο̣[νί]ω̣νι καὶ Ταορσεν[ο]ύφι καὶ Τεφορσάϊτι τῷ μὲν Κρονίωνι διατεταχένα[ι] μόνας ἀργυρίου δραχμὰς τεσσεράκοντα
διὰ τό, ὡς ὁ π̣[ατ]ὴ̣ρ Κρονίων π[ρο]φέρεται, ἐν π[ολ]λοῖς ἠδικῆσθαι ὑπʼ αὐτ[ο]ῦ ἐν τοῖς κατὰ τὸν βίον, ταῖς δὲ δυσὶ θυγατρᾶσι Ταορσενούφι
[καὶ] Τεφορσάϊτι, [χ]ωρὶς οὗ προφ[έρε]ται {προφερεται} κατεσκευακέναι αὐταῖς χρυσοῦ καὶ [ἀ]ργύρου κόσμου καὶ ἱματισμοῦ, δοῦν[α]ι εἰς θαλλισμοῦ
10λ[ό]γ̣ο̣ν ἑκ[άστῃ ἀργυρίου] δ̣ρ̣α̣χ̣[μ]ὰς ε[  ̣  ̣  ̣  ̣  ̣], πρὸς τοὺ[ς τρ]εῖς κληρο[νό]μ̣ους Ἁρμιῦσιν καὶ Ἁρφα[ῆ]σιν καὶ τὴν θυγατριδῆν Τεφορσάϊν ἀφήλικα οὔσης
τῆς τοῦ ὁμ[ολογ]οῦντ̣[ος Κρονί]ωνος κηδε[ίας] καὶ π[ερι]στ̣[ολ]ῆς καὶ ἀπο[δόσ]εως [τῶ]ν [πρ]οκειμένω[ν λ]η̣γά̣τ̣ων [κ]αὶ ὧν ἐὰν ἄλλων φανῆι
ὀφείλων ἰ̣[διωτικ]ῶν χ[ρεῶν καὶ δ]ημοσίων· ἐ[φʼ ὃν] δὲ χρόνον περίεστιν ὁ ὁ̣μολογ[ῶ]ν Κ[ρ]ονίων ἔχειν αὐτ[ὸ]ν τὴν κατὰ τῶν ἑαυτοῦ ἁπάν-
των ὁλοσχερ[ῆ] ἐξουσί[αν τοῦ οἰκο]νομεῖν ὡς ἐ̣ὰ̣ν̣ α̣ἱρ̣[ῆ]ι. ὑ[π]ο[γρ]α̣φεὺς Ὀνν[ῶ]φρι[ς Θ  ̣]ξωσεως ὡς ἐτ[ῶν] ἑξήκοντα δύο οὐλὴ μετώπωι· μάρ-
τυρες Ἵππαλ̣ο̣ς Χράτο(υς) ὡ̣[ς ἐτ]ῶν ἑξήκον[τα] ὀκτὼι(*) [οὐ]λὴ π̣ήχι(*) δεξιῶι, Σωτήρι[χο]ς Εὐτύχου ὡς ἐτῶν τεσσεράκοντα οὐλαὶ ὀφρύ-
15σιν ἀμφοτέ̣ρ̣αις, Κ[ρονίω]ν Τυράννου ὡς ἐτῶν τριάκοντα̣ δύο οὐληι(*) ἀντικνημίωι ἀριστερῶι, Ζωΐλος ὁ καὶ̣
Τύραννος Κρ[ο]νί[ω]νο̣[ς] ὡς ἐτῶν τριάκ[ο]ντα [οὐ]ληι(*) γόνατι δεξιῶι, [Ἀ]ρητίων Ἰσίωνο[ς] ὡ̣ς ἐτῶν τεσσεράκον-
τα οὐλὴ ποδὶ δεξιῶι, Δι[ογέν]ης Ὡρίωνος ὡς ἐτῶ̣ν̣ [ε]ἴκοσι ἓξ οὐληι(*) μετώπωι, οἱ ἓξ μάρτυρες τῷδε τῷ συγχωρήματι.
(hand 2) Κρονίων Χεῶτος ὁμολ[ογ]ῶι(*) συκεχωρηκέναι(*) μετὰ τ̣ὴν τελευτήν μου τοῖς τ̣έ̣κ̣ν̣ο̣ι̣ς̣ μου Ἁ̣ρμιύσι καὶ Ἁρφαήσι καὶ τῇ θυγατρι-
τῇ(*) μου Τεφορσάϊτι τοῖ[ς τρ]ισὶ [κλ]ηρονόμοις κοινο͂ς(*) ἐξ ἴσ̣ου πάνθʼ ὥσα(*) ἂν καταλείψω παντοῖα ὑπάρχοντα καὶ ἐνδομενια(*) πασα(*) καὶ τὰ ἄλ-
20λα, τῶι δὲ υἱ[ῶι] Κρον[ί]ωνι δ̣[ι]α̣[τετ]α̣χέναι ἀδικ[ησ]αντα(*) μ̣ό̣ν̣[α]ς δραχμὰς τεσσεράκοντ[α , τα]ῖς δὲ δυσὶ θυ[γ]ατρᾶσι [Ταορ]σενούφι καὶ Τεφορσ̣άϊτ̣ι
ἑκάστῃ τὰς δραχμὰς ε[  ̣  ̣  ̣  ̣  ̣] κ̣αὶ ἐπὶ ταῖς ἄ[λ]λ̣αις δια̣θ[ήκ]α̣ις καθὼς πρό[κε]ιται· κ[αὶ σφ]ραγιῶι(*) γλύματι(*) Ε̣ἴ̣σ[ιδ]ος(*) καὶ Ἁρποχράτου. ἔγραψα
ὑπὲρ αὐτοῦ Ὀννῶφρ̣ις Θ[  ̣  ̣ξω]σεως μὴ εἰδότο(ς) τὰ̣ γ̣ρ̣ά̣[μματ]α. (hand 3) Ἵππαλος Χράτο(υς) μαρτ̣υ̣[ρ]ῶ̣ καὶ σφραγιῶι(*) γελλυματι(*) Ἁ̣ρ̣ποχράτου. (hand 4) Σωτήριχος
Εὐτύχου μαρτυρῶ καὶ σφ̣ρ̣αγιῶ γλύμματι Σεραπιαδος. (hand 5) Κρον[ίω]ν Τυράννου μαρτυρῶ καὶ σφραγιῶι(*) γυλματι(*) Ἀθηνᾶ. (hand 6) Ζωΐλος ὁ καὶ Τύ-
ραννος Κρονίωνος μ̣α̣ρτ̣υρῶ καὶ σφραγιῶ γλύματι(*) Ἑρμοῦς(*) (hand 7) Ἀρ̣ητί̣ων Ἰσιων(*) μ[α]ρτυρῶ [κα]ὶ σφρακι[ῶ]ι(*) γλύ-
25μματι Σεραπάμμω̣νος. (hand 8) Διογένης Ὡρίωνος μαρτυρῶ καὶ σφρ̣αγιῶ γλύματι(*) Ἴσιτος(*) καὶ̣ [Σ]εράπιδος. (hand 9) ἔτους δευ-
τέρου καὶ εἰκοστοῦ Αὐτοκράτ[ο]ρ̣ος̣ Καίσαρος Τ̣ρ̣αιανοῦ Ἁδριανο̣ῦ̣ Σεβα(στοῦ) Παῦνι ιθ. ἀναγέγρα(πται) διὰ τοῦ ἐν Τεβτύνι γραφείου.",006901157200000000000000,"83, 243, 244, 305","bequeathal clause, meriteia, burial rites, gift after death","29, 33, 36","Testaments, Disinheritance, Forms of Will","22, 205, 297, 329, 589","μετὰ τὴν τελευτήν, κληρονόμος, ἐξουσία, ὁμολογία, συγχώρημα",Egypt P. 11572,006901157200000000000000,
,P.Oxy 66.4533 (TM),Greek,69,78605,,,,n,"[ἔτους - ca.38 - Σε]β̣αστ̣ο̣ῦ̣ μη̣ν̣ὸ̣[ς Νέου] Σεβαστοῦ ιγ ἐν Ὀξ(υρύγχων) πόλει τῆς Θηβαίδο̣ς ἀγαθῇ τύχηι. ⁦ vac. ? ⁩
[τάδε διέθετο νοῶν καὶ φρονῶν Ἀχιλλᾶς Ἡρακλείου τοῦ Θ]έ̣ωνος μητ̣ρ[ὸ]ς̣ Τ̣[απ]ο̣ντῶτος Νααρω̣οῦτος(*) ἀπὸ Ὀξυρύγχων πόλεως ἐν ἀγυι̣ᾷ. ἐφʼ ὃν μὲν πε̣ρίειμι χρό̣ν̣ον ἔ̣χ̣ειν̣ με
[τὴν τῶν ἰδίων ἐξουσίαν ὃ ἐὰν βούλωμαι ἐπιτελεῖν καὶ μεταδια]τ̣ί̣θ̣ε̣σ̣θ̣α̣ι καὶ ἀκυ̣ρ̣οῦν̣ τὴν διαθήκ̣η̣ν τα̣ύτην, ὃ δʼ ἂν ἐπιτελέσω κ̣ύ̣ριο̣ν̣ ὑπ̣ά̣ρχειν. ἐὰν δʼ ἐπὶ τῇδε τῇ διαθήκῃ̣
[τελευτήσω καταλείπω κληρονόμους ἃ ἐὰν ἔχω τέκνα καὶ] Ἀ̣μόιν καὶ Ζωίλον ἀμφοτ̣έ̣ρους Ἁτρέως τ̣οῦ Ἀλεξᾶτος̣ [μ]ητρὸ̣ς Ἡρακλοῦτο̣ς Ἀρχίου [ἀπ]ὸ τῆς αὐ̣τ̣ῆ̣[ς]
5[πόλεως - ca.13 - ἐξ ἴσου ἑκάτερον δʼ αὐτῶν ἐὰν] ζ̣ῇ, εἰ δὲ μὴ τὰ τούτου τέκνα, ἐ̣ὰν δὲ μὴ ἔχω τέκνα μόνους τοὺς προγεγραμμ̣έ̣ν̣ο̣υ̣ς̣ [Ἀ]μόιν̣
[καὶ Ζωίλον ἢ τὸν ἀπʼ αὐτῶν περιόντα πάντων ὧν ἐὰν ἀπολίπ]ω̣ καθʼ ὁνδηποτοῦν τρόπον, ἐπὶ τῷ τοὺς διαδεξαμένους(*) τὰ ἡμέτερα δοῦναι μεθʼ(*) ἐνιαυ-
[τὸν ἕνα τῆς τελευτῆς μου - ca.16 - ἃς δι]ατάσσω αὐτῷ ἀργυρίου δραχμὰς εἴκοσι , οὐκ οὔσης οὐδενὶ τῷ καθόλου ἐξουσ̣ίας παραβαίνειν, τὸν
[δὲ παραβησόμενον ἀποτίνειν τῷ ἐμμένοντι τό τε β]λάβος καὶ ἐπίτιμ̣ον ἀργυρίου δραχμὰς πεντακοσίας καὶ εἰς τὸ δημόσιο̣ν τὰς ἴσας καὶ μηδὲν ἧσσον
[κύρια μένειν τὰ προκείμενα. ἡ διαθήκη κυρία. (hand 2) Ἀχιλλ]ᾶς Ἡρακλεί̣ου τοῦ Θέωνος πεποίημαι τὴν διαθήκην καὶ μετὰ τε-
10[λευτήν μου καταλείπω κληρονόμους ἃ ἐὰν] ἔχω τέκνα καὶ Ἀμόιν καὶ Ζωίλον ἀμφοτέρους Ἁτρέως ἐξ ἴσου, ἐὰν
[δὲ μὴ ἔχω τέκνα μόνους τοὺς Ἀμόιν καὶ Ζωίλ]ο̣ν ἢ τὸν ἀπʼ αὐτῶν περιόντα πάντων(*) ὧν ἐὰν ἀπολίπω καθʼ ὁν-
[δηποτοῦν τρόπον, ἐπὶ τῷ τοὺς διαδεξα]μένους τὰ ἡμέτερα δοῦναι μεθʼ(*) ἐνιαυτὸν ἕνα τ̣ῆς τε̣λε\υ/-
[τῆς μου - ca.12 - ἀργυρίου δραχμὰς] εἴκοσι ὡς πρόκιται(*). εἰμὶ (ἐτῶν) μδ(*) ο(ὐλὴ) παρʼ ὦμον ἀριστερ̣ὸν καὶ
[ἔστιν μου ἡ σφραγὶς - ca.14 -]  ̣  ̣ο̣λ(  ) τοῦ Γλ[α]υ̣κίου μητρὸς Σαμβοῦτος(*) ἔγραψα ὑπὲρ τοῦ ἐξα-
15[νεψίου μου μὴ εἰδότος γράμματα καὶ εἰ]μὶ (ἐτῶν) ν ἄσημος. (hand 3) Θομ̣ο̣ῆρις Θομοήριος τοῦ Θομοήριος μητρὸς Δημαρο̣ῦτος ἀπὸ τῆς α(ὐτῆς)
[πόλεως μαρτυρῶ τῇ τοῦ Ἀχιλλᾶτος διαθήκῃ καὶ εἰμὶ ἐτ]ῶν ἑξήκοντα τεσσάρων οὐλὴ πορʼ(*) ὀφρύι ἀριστερᾷ καὶ ἔστιν μου ἡ σφραγὶς προδομὴ(*) Σαράπιδος. (hand 4) Ἑκά-
[των ⁦ -ca.?- ⁩]μ̣μωνίου ἀπὸ τῆς αὐτῆς πόλεως μαρτυρῶ τῇ τοῦ Ἀχιλλᾶτος διαθήκῃ καὶ εἰμὶ ἐτῶν
[⁦ -ca.?- ⁩ (hand 5) ]θ̣ο̣ν  ̣[  ̣]  ̣[  ̣]  ̣  ̣[  ̣  ̣]ν̣ης̣ Ε̣[ὐ]δ̣αίμονος τ̣οῦ Διογενοῦς μητρὸς Ἰσιδώρας ἀπὸ̣ τ̣[ῆς αὐτῆς πόλεως]
[μαρτυρῶ τῇ τοῦ Ἀχιλλᾶτος διαθήκῃ καὶ εἰμὶ ἐτῶν ⁦ -ca.?- ⁩]  ̣  ̣[  ̣  ̣  ̣  ̣  ̣  ̣  ̣ ἀρισ]τ̣ερῷ καὶ ἔστιν μου ἡ σφρ̣[αγὶς]
-- -- -- -- -- -- -- -- -- --
20[⁦ -ca.?- ⁩ (hand 6) ]  ̣  ̣  ̣  ̣  ̣[  ̣  ̣  ̣  ̣  ̣]  ̣  ̣  ̣[  ̣]  ̣[⁦ -ca.?- ⁩]
[⁦ -ca.?- ⁩ (hand 7) καὶ] ες̣  ̣  ̣ μ[ο]υ̣ ἡ̣ σ̣φραγὶς̣ Ἑ̣ρ̣μ̣οῦ̣ [⁦ -ca.?- ⁩]
[⁦ -ca.?- ⁩ (hand 8) μαρτυρῶ τῇ τοῦ Ἀχιλ]λ̣ᾶτος διαθήκῃ καὶ εἰμὶ ἐτῶν [⁦ -ca.?- ⁩]",NULL,NULL,NULL,NULL,NULL,NULL,NULL,NULL,006907860500000000000000,x
Near East,P. Dura 12 (TM),Greek,75,17214,,,,y,"χ̣ρεοφυ̣[λακ]ε̣ίου̣(*).
τῶν δὲ τελευ̣[τη]σ̣άντω[ν τ]ὰς κληρονο-
μείας(*) ἀποδίδοσ̣[θ]ε(*) τοῖς [ἄγ]χιστα γένους,
5ἀγχιστε͂ς(*) δὲ οἵδε· ἐὰν μὴ [τέ]κ̣να λείπῃ
ἢ υἱοποιήσητε(*) κατὰ τὸν νόμον,
πατὴρ ἢ μήτηρ, μὴ ἄλλῳ ἀνδρὶ συν-
οικοῦσα· ἐὰν δὲ μηθεὶς τούτων ᾖ,
ἀδελφοὶ ὁμ[οπ]άτριοι· ἐὰν δὲ μηδὲ
10οὗτοι ὦσιν, ἀδελφὲ(*) ὁμοπάτριοι· ἐ-
ὰν δὲ μηθὶς(*) τούτων ᾖ, πατρὸς δὲ
πατὴρ ἢ πατρὸς μήτηρ ἢ ἀνεψιὸς
ἀπὸ πατρὸς γεγεννημένος, τού-
των ἡ κληρονομία ἔστω. ἐὰν δὲ
15μηθὶς(*) τούτων ὑπάρχῃ, βασιλικὴ ἡ
οὐσία ἔστω. κατὰ δὲ ταῦτα ἔστωσαν καὶ
αἱ ἀγχιστίαι(*).",NULL,NULL,NULL,NULL,NULL,NULL,NULL,NULL,007501721400000000000000,x
,BGU 3.895 (TM),Greek,75,20071,,,,n,"[⁦ -ca.?- ⁩ Αὐτοκ]ρ[ά]τορος Καίσαρος Τίτου Αἰλίου Ἁδριανοῦ Ἀ̣ν̣[τ]ω[νί-]
[νου ⁦ -ca.?- ⁩] τῆς δὲ Καί[σα]ρος(*) θεοῦ Σεβαστοῦ ενακ  ̣τω[⁦ -ca.?- ⁩]
[⁦ -ca.?- ⁩]ιων ἐπ̣ι̣[  ̣  ̣  ̣]σ̣ι̣ων(*) Λ̣ουκίου Αἰλίου Κομμ[ό-]
[δου ⁦ -ca.?- ⁩]ν̣[  ̣]η̣ς θ  ̣[  ̣  ̣] κ̣αὶ̣ θεοῦ̣ Σεβαστοῦ̣   ̣  ̣  ̣[  ̣  ̣  ̣  ̣]
5[⁦ -ca.?- ⁩ Ἀντ]ωνείνου Σεβαστο[ῦ] Εὐσ[εβοῦ]ς(*) [  ̣]  ̣τ̣[  ̣  ̣]  ̣
[⁦ -ca.?- ⁩] Ἀντιο̣χ̣έως(*) κατὰ δὲ τ̣ὸ̣ν̣ π̣ρότερον ἀριθμ[ὸ]ν
[⁦ -ca.?- ⁩ Ὑ]π[ε]ρβερεταίου \(ἔτους(?))/ σκ(*) ἐπὶ τῶν σφραγιστῶν μετὰ
[⁦ -ca.?- ⁩]μ  ̣  ̣κ̣ουτ̣ων   ̣  ̣  ̣επιδων(*) γνωστεύσαντος αὐτὴν
[⁦ -ca.?- ⁩ Ἀ]πο̣λ̣λ̣ο̣δώρο̣υ̣ φυλῆς Ἀστάρτης τοῦ ἑαυτῆς γαμβροῦ
10[⁦ -ca.?- ⁩ π]ροσώπου ἀπολείπουσαν [εἰ]ς̣ τὴν ἑαυτῆς τελευτὴν
[⁦ -ca.?- ⁩]υ̣  ̣  ̣κελλαθεω̣αθ̣ω(*) μαντείῳ εἰς μανιακὴν
[⁦ -ca.?- ⁩]  ̣σιῳ Ἀσπασίου τοῦ̣ Ἔρωτος φ[υ]λῆς. τῷ ἑαυτῆς
[⁦ -ca.?- ⁩ τῆς μετα]διαθεμένης̣ κληρονό[μ]οις ἃ(*) ἔχει τῆς μεταδια-
[θεμένης ⁦ -ca.?- ⁩] ν(*) χ̣ρ̣υσ̣ο̣ῦν ἀργυρίου δηνά[ρ]ια διακόσια · ἐὰν δὲ
15[⁦ -ca.?- ⁩]  ̣μ̣ενη δ[  ̣  ̣]  ̣  ̣  ̣[  ̣]  ̣  ̣[  ̣  ̣]  ̣τοπλα̣ῳ ἀδελφῷ τοῦ
[⁦ -ca.?- ⁩ μεταδιαθε]μένης κ[λ]ηρονόμου(*) ἣν̣ ἔχει τῆς μεταδιαθεμ[έ]ν̣η̣[ς]
[⁦ -ca.?- ⁩]ου συνγραφῆς [ἀργυρ]είου(*) δηναρίων πεντήκοντα
[⁦ -ca.?- ⁩ μεταδιαθε]μένη ὑπολογητῆναι̣(*) ὑπὸ τῶν ὑπογεγραμμέν[ων]
[⁦ -ca.?- ⁩ δηνά]ρ̣ι̣α̣ εἴκοσι ὀκτὼ ἃ(*) ἔχει αὐτηι̣(*) πίστει ἀγραφεῖ, ἐὰν δὲ
20[⁦ -ca.?- ⁩ π]ρ̣[ον]οήσεται αὐτῷ καὶ̣ ἄλ̣λ̣α ἐκ τῶν ἀπολελιμ[μ]ένων(*)
[⁦ -ca.?- ⁩]  ̣  ̣τ̣  ̣  ̣μ̣ον παρακαλεῖ ἡ μεταδιαθεμένη συνχωρ[ῆσ]αι
[⁦ -ca.?- ⁩]ν  ̣  ̣  ̣ τῶν ὑπογεγραμμένων α[ὐ]τῆς θυ[γ]ατέρων λ̣α̣[  ̣  ̣]δ̣η
[⁦ -ca.?- ⁩]  ̣[  ̣  ̣]  ̣  ̣νον ἐνοικεῖν ἀμίσθῳ ἐν οἴκῳ   ̣[  ̣]τα[  ̣]χ̣ε̣κ̣α̣  ̣  ̣[  ̣]τι
[τ]ῷ προδηλουμέν[ῳ] τ̣ο̣υ  ̣ακ  ̣  ̣αιερω̣[  ̣]ε  ̣  ̣  ̣β̣α  ̣η συνχω-
25[ρῆσαι ⁦ -ca.?- ⁩]  ̣[  ̣  ̣]η ἑκάστης̣ αὐτῶν δηνά[ρι]α ἑκατ[ὸ]ν ἑβ[ο]κμήκ[ο]ντα
[⁦ -ca.?- ⁩]  ̣[  ̣  ̣]τα  ̣μ̣[  ̣  ̣]  ̣α̣ ὑπάρχοντα τῇ μετα[δ]ιαθεμένῃ
[⁦ -ca.?- ⁩]  ̣ ο̣ὖν αὐτῇ προσγένη[τ]αι καὶ τὰ καθήκ[ο]ντα κα[  ̣]  ̣[  ̣]ι
[⁦ -ca.?- ⁩]  ̣ντη[  ̣  ̣] οἵῳ δήποτε οὖν τρόπῳ Ἑλενίῳ τ̣ῇ̣ καὶ Ἐμμανω
[⁦ -ca.?- ⁩]με̣  ̣η[  ̣  ̣]  ̣αι  ̣  ̣ κ[α]ὶ Περσί[δι](*) τῇ καὶ Μαροέμμᾳ ἀμφοτέραις
30[⁦ -ca.?- ⁩]  ̣  ̣  ̣[  ̣  ̣  ̣]ε̣ποπν̣  ̣[  ̣μ]ερε̣ι̣ζομέναις(*) ἐξ ἴσο̣υ̣ ἐ̣π̣ὶ̣ τῷ ὑ̣π̣ο̣[λογ]η̣θ̣ῆ[ναι](*)
30a[⁦ -ca.?- ⁩]εξ ἃ ἔχει ἐμ̣(*) δανί[ῳ](*) ἀγραφεῖ, παρὰ τῆς μεταδιαθεμένης   ̣[  ̣  ̣  ̣]α̣ις
[⁦ -ca.?- ⁩] τῇ Περσείδι(*) τοῖς ἀπολελιμμένοις(*) αὐταῖς ὑπὸ
[⁦ -ca.?- ⁩] βεβαιῶ ὡς   ̣ατ̣  ̣  ̣ τῆς μεταδιαθεμένης
[⁦ -ca.?- ⁩]  ̣η ὁποτέρα τῶν τῆς μεταδιαθεμένης υ̣ἱ̣ῶ[ν](*)
[⁦ -ca.?- ⁩]  ̣ αὐτῶν ἀποθανεῖν ὑπάρξει τὸ ἀπολελιμ-
35μένον(*)[⁦ -ca.?- ⁩]  ̣ιονη μ̣έρος τῆς κληρονομίας πρὸς ἥ[μι(?)]συ(?)(*)
[⁦ -ca.?- ⁩ τ]ὰ δὲ ἀπολελ[ι]μμένα(*) ὑπὸ τῆς μεταδιαθεμέ[ν]η[ς]
[⁦ -ca.?- ⁩ τῶν τῆς μετ]αδια[θ]εμένης θυγατέ[ρ]ων καὶ κληρονό[μων]
[⁦ -ca.?- ⁩]την τῆς μεταδι[α]θεμένης
[⁦ -ca.?- ⁩]ε̣ι̣σιτα̣ις παρὰ τοῖς σφραγισταῖς γράψαντος αὐτῇ.",NULL,NULL,NULL,NULL,NULL,NULL,NULL,NULL,007502007100000000000000,x
,P. Yadin 19 (TM),Greek,75,23499,,,,y,"AD 128 Maoza

r,int,Fr??

[⁦ -ca.?- ⁩ καλανδ]ῶν̣ Μ̣α̣[ίων ⁦ -ca.?- ⁩]
r,int,ctr

[⁦ -ca.?- ⁩] ἥ[μι]σ̣υ [⁦ -ca.?- ⁩]
[⁦ -ca.?- ⁩ διαθετ]ῶ̣ν̣, ν̣[ό]τ̣[ου]
[ἀγορά,] βορ[ρᾶ ⁦ -ca.?- ⁩]α̣ι τ̣α̣ύ̣τ̣η̣ν̣ [κ]αὶ ἄλλη̣[ν]
[⁦ -ca.?- ⁩]  ̣ δι̣α̣θή̣[κ]ην κυ-
5[⁦ -ca.?- ⁩ σκάπ]τειν β̣[ο]θ̣α̣νειν(*)
[⁦ -ca.?- ⁩]  ̣  ̣  ̣  ̣[- ca.15 -παρ]α̣ν̣[γ]ε̣ι̣ει(*) Σελαμψ̣[ι-]
[οῦς τῷ αὐτῷ Ἰούδατι τευχίσει αὐτὴν διὰ δημοσί]ω̣ν̣. ⁦ vac. ? ⁩
r,int,Fr??

-- -- -- -- -- -- -- -- -- --
1[⁦ -ca.?- ⁩]π̣ασι οις αι[⁦ -ca.?- ⁩]
[⁦ -ca.?- ⁩]η̣[⁦ -ca.?- ⁩]
-- -- -- -- -- -- -- -- -- --
r,ext

ἐπ̣[ὶ ὑπ]ά̣τ̣[ων Πουβλίου Με]τ̣ε̣[ιλίου] Ν̣έ̣π̣ω̣[τος] τὸ δ[εύτερο]ν κ̣[αὶ Μάρ]κου Ἀνν̣ίου
Λ̣ί̣β̣ω̣ν̣ο̣ς̣ π̣ρ̣[ὸ ἑκ]κ̣α̣ί̣δ̣ε̣κ̣α̣ κ̣α̣λ̣α̣ν̣δ̣ῶ̣ν̣ Μαίων, κ̣α̣τ̣ὰ̣ [τὸν] ἀ̣ρ̣[ιθ]μ̣ὸ̣ν̣ [τῆς] ν̣έ̣α̣ς̣ ἐ̣π̣α̣ρ̣-
10[χείας ἔτους τρίτου εἰ]κ̣[οστο]ῦ̣ Ξ̣α̣νδικοῦ ἕκ[τ]ῃ καὶ εἰκάδ[ι], ἐν̣ Μ̣α̣ω̣ζας(*) τῆς πε-
[ρὶ Ζοα]ρ̣α, [δι]έ̣θ̣ε̣τ̣[ο Ἰο]ύ̣δ̣ας Ἐ̣λ[αζά]ρου Χθουσ[ίω]νο̣ς̣ Ἠ̣νγ̣α̣δη̣[νὸ]ς̣(*) οἰκῶν ἐν
Μαωζᾶς(*) [Σελ]αμψιο̣ῦ̣ς θυ[γατ]ερ̣(*) π̣ά̣ν̣[τα τὰ ὑ]πάρ[χον]τ̣α αὐ̣[τ]ῷ [ἐ]ν Ἠνγ̣αδῆς(*)
ἥ[μισ]υ̣ α[ὐ]λ̣ῆς   ̣  ̣  ̣  ̣[  ̣  ̣]ρ̣αν [  ̣  ̣]ν̣α̣γ̣ωγ̣[  ̣  ̣]ν̣η̣  ̣[  ̣]  ̣ν̣οτ̣ο̣[  ̣  ̣  ̣]ν ἥμισυ οἰ-
κοιμάτων̣(*) καὶ ὑπερωαις(*) ἐνο[υ]σι(*) χωρὶς αὐ̣λῆς μικκῆς π̣αλ̣εαν(*) ἐ̣νγὺς(*)
15τῆς α̣ὐτ̣[ῆ]ς̣ αὐλῆς, καὶ τ[ὸ] ἄλλ̣ο̣ ἥμισυ τῆς αὐλῆς καὶ οἰκο̣ιμ̣ά̣των(*) διέθε-
το̣   ̣  ̣[  ̣ Ἰ]ο̣ύ̣δας τ̣ῇ αὐ̣[τ]ῇ [Σελ]α̣μψιοῦ[ς] μετὰ τὸ αὐτὸ[ν] τ̣ε<λε>υτῆσαι, ὧν
γείτ̣ω̣νες̣(*) [τ]ῆ̣ς αὐλῆς καὶ οἰκοιμά[των](*)[ ἀν]α̣τολῶ̣ν Ἰησοῦ Μαδδαρωνα
καὶ αὐρίχω̣ρον(*), δυσμῶν ὁ διεθετῶν(*), νότου ἀγ̣ορά, βορρᾶ ὁδός, περὶ δὲ
πλάνης γειτνιῶν οὐ μεθάξει(*) Σελαμψιοῦς, σὺν εἰσόδοις κ̣α̣ὶ ἐξόδο̣ις, πλίν-
20θοις, δόκωσι(*), θυρίαις(*), θυρίσι, καὶ τοῖς ἐνοῦσι πανταίοις(*), ὥστε ἔχειν τὴν προ-
γ̣εγ̣ρ̣α̣μ̣μ̣[έ]ν̣ην Σελαμψ̣ιοῦ[ς] τ̣ὸ ἥμισυ̣ τῆς προγεγραμμένης αὐ-
λῆς καὶ οἰ[κη]μ̣[ά]τ̣ω̣ν̣ ἀ[πὸ τῆς σήμερον καὶ τὸ] ἄ̣λ̣λο ἥμ[ι]σ̣υ̣ μετὰ τὲ(*) τε-
λ̣[ευ]τ̣ῆσα̣ι̣ τοῦ αὐτοῦ Ἰούδα κ̣υρίω[ς](*)[ καὶ βε]β̣αίω̣ς εἰς τὸν ἅπ̣α̣ντα χρόνον̣,
[οἰκ]οδομεῖν, ὑπερ<αίρ>ειν̣, ὑψε̣ῖ̣ν(*), σκάπτε̣ι̣ν, βοθανειν(*), κτᾶσθαι, χρᾶσθαι, πω-
25λεῖν, διοικεῖν, τ̣ρόπῳ ᾧ ἂ̣ν̣ α̣ἱρῆ̣<ται>, π̣ά̣ν̣τ̣α κ̣ύ̣ρ̣ι̣α̣ καὶ βέβαια. ὅταν δὲ
παρα̣νγείλει(*) Σελα<μ>ψιοῦς τῷ αὐτῷ Ἰούδατι, τευχιζζει(*) αὐτὴν διὰ δημο-
σίων.
Aramaic 2 lines
30⁦ vac. ? ⁩   ̣[  ̣]  ̣  ̣ας̣ Σίμ̣ω̣[ν]ο̣ς ἔγραψα.
v

Aramaic 3 lines
34[Σ]ο̣υ̣μαῖος Κα̣[  ̣]αβαίου μάρ̣(τυς)
35[⁦ -ca.?- ⁩]
Aramaic 2 lines",007502349900000000000000,"48, 306, 307","double document, boundaries of property, from today and after death",29,Testaments,"22, 739","μετὰ τὴν τελευτήν, διαθήκη",N.E. P. 23499,007502349900000000000000,
,P. Hev. 63 ,Greek,75,24325,,,,n,"[ἐξωμολο]γ̣ήσατο καὶ συνεγρ[άψατο Σαλ]ωμη Ληουει τ̣ο̣υ̣[  ̣  ̣  ̣ συμπαρόντος αὐτῇ ἐπιτρόπου]
[  ̣  ̣  ̣  ̣  ̣  ̣  ̣]υ̣ Σιμωνος ἀνδρὸς α[ὐτῆ]ς τοῦδε τοῦ {  ̣  ̣  ̣}π̣ρ̣[άγματος χάριν πρὸς Σαλωμην τὴν]
[καὶ Γραπτ]η̣ν Μαναημο[υ   ̣  ̣  ̣  ̣  ̣  ̣]λου θυγατέρα, ἰ̣δ̣ί̣α̣ν̣ [δὲ μητέρα αὐτῆς - ca.13 -]
[πάντες Μα]ω̣ζηνοι· καὶ ἡ [Σαλωμη Λ]ηουει μηδένα λ[όγον ἔχειν - ca.17 -]
5[  ̣  ̣  ̣  ̣  ̣  ̣  ̣  ̣].α̣ ἐξ ὀνόματος αὐ̣[τῆς πρὸς Σ]α̣λωμην τὴν καὶ [Γραπτην - ca.19 -]
[  ̣  ̣  ̣ περὶ τ]ῶ̣ν καταλειφθέντω̣[ν ὑπὸ Λ]η̣ουει γενομένου σ̣υ̣[μβίου αὐτῆς - ca.13 - καὶ]
[ὑπὸ   ̣  ̣  ̣  ̣]λου γενομένου αὐ[τῆς υἱοῦ] ἀδελφοῦ δὲ τῆς ὁμ[ολογούσης - ca.17 -]
[ -7-8- ]α̣ ἔτι δὲ ὁμολογεῖ ἡ̣ [Σαλωμ]η Ληουει μηδένα λ[όγον ἔχειν - ca.17 -]
[πρὸς Σαλωμη]ν̣ τὴν καὶ Γ̣ραπτην̣[ -4-5- ]η̣ κληρονόμους αὐ[τῆς περὶ - ca.19 -]
10[ -7-8- ]. παρῳχημέν[ης ἀμφισβ]ητήσεως ὅρκου ἐπ̣[ιδοθέντος - ca.17 -]
[⁦ -ca.?- ⁩]  ̣  ̣  ̣  ̣[  ̣]  ̣  ̣  ̣[- ca.10 -].ε  ̣  ̣ π̣ρὸς αὐτὴ̣ν̣[- ca.26 -]
[- ca.26 -]υμενης στᾶσα δ̣[ὲ - ca.25 -]
[πίστει ἐπηρω̣τήθη καὶ ἀνθωμολογήθη ο(?)]ὕτως καλῶς γενέσ̣[θαι ⁦ vac. ? ⁩]
[ ⁦ vac. ? ⁩ ] ⁦ vac. ? ⁩
15(hand 2)   ̣ [ἐπὶ ὑπάτων Μάρκου Γαουίου Γαλλικανο]ῦ̣ καὶ Τίτ[ου Ἀτιλίου Ῥούφου Τιτιανοῦ ⁦ vac. ? ⁩]
[(day and month? place?)] ⁦ vac. ? ⁩",NULL,NULL,NULL,NULL,NULL,NULL,NULL,NULL,007502432500000000000000,x
,P. Hever 64 (TM),Greek,75,24326,,,,n,"side Recto

fragment a

(Inner Text) [ἐ]π̣ὶ ὑπά̣τ̣ω̣ν̣ Πο̣[πλ]ί̣ο̣υ̣ Ἰ̣ο̣υ̣[ο]υ̣εν̣τ̣ί̣ου Κέ̣λ̣σου τὸ β_ κ̣α̣ὶ̣ Λ̣[ο]υ̣κ̣ί̣ο̣υ̣ Νηρατίου Μαρκέλλου τὸ β_ πρὸ π̣έ̣ν̣τ̣ε̣
εἰδῶν [Νοουεμβρίων κατὰ τὸν ἀριθμὸν τῆς νέας ἐπαρχείας Ἀραβία]ς ἔτους τετάρτου καὶ εἰκοσ-
τοῦ Δ̣ε̣ί̣ου κ. ἐ̣ν̣ Μ̣α̣ω̣ζας τῆς̣ π̣ερ̣ὶ Ζ[ο]α̣ρ̣ω̣ν. Σα[λω]μ̣η̣ ἡ καὶ Γροπτη Μαναημου
συνπαρό̣ν̣το̣ς̣ α̣ὐ̣τ̣[ῆ̣ ἐ(?)]πιτρόπο̣[υ τοῦδε τοῦ πρά]γ̣μ̣α̣τ̣ο̣ς χάριν Ιωσηπου Σιμ̣ω̣ν̣ος̣
5[ἀ]νὴρ αὐτῆς Σαλωμῃ [  ̣  ̣] καὶ Κομα̣ϊσῃ Ληο̣υ̣ε̣ι̣ο̣υ θυγατρ̣ὸ̣ς̣ αὐτῆς πάντες οἰκοῦντες̣
[ἐ]ν Μαωζας χ̣έ̣ρ̣ε̣ι̣ν̣. ὁμολογῶ ἐνεν̣ο̣χ̣[έ]ν̣αι σ̣ο̣ι̣ ε̣ἰ̣ς̣ δόσιν ἀπὸ τῆς σήμερον
δόσιν αἰωνίου τὰ ὑπάρχοντά μοι ἐν Μαωζας ἃ εἴδη ὑποτεταγμένα·
κ̣ῆ̣πον φοινεικῶνος κ̣α̣λούμενον Γαννα̣θ Ασαδαια σὺν ὕδατος αὐτῆς ἐφ̓
ἡ̣μερῶν ἑπτὰ εἰς ἑπτὰ ἡμέραν̣ τετάρτῃ ἡ̣[μ]ι̣ω̣ρ<ί>αν μί̣α̣ν· ἧς γείτωνες ἀνα-
10[το]λῶν κῆπον κυρι̣α̣κὸν καλού̣μ̣ενον Γανναθ Αββα̣ιδαια δυσμῶν κληρον̣ό̣-
[μ]ο̣ι Αρετας νότου ὁδὸς̣ βορρᾶ κληρονόμοι Ιωσηπος Βαβα σ̣ὺ̣ν̣ εἰσόδοις καὶ ἐξ[ό-]
δοις καὶ συ̣γ̣κ̣υ̣ρ̣ο̣ῦσι πα[ντοίοις ὥ]σ̣[τε] ἔχειν τὴν π̣[ρ]ο̣γεγραμμέ̣[νη]ν̣ Σαλωμη ἡ κ[αὶ Κομα-]
ϊ[ση]. ὁμοίως καὶ ἥμ̣ι̣[συ αὐλῆς ἀ]ν̣[ο]ι̣ῳγμμέ̣ν̣ο̣ν̣ εἰς νότον σὺν οἰκοίματα δύο
κ̣α̣ὶ ὑπερῷν ἐνα̣  ̣  ̣  ̣  ̣α̣[  ̣  ̣ ἧς γεί]τ̣ων̣ες ἀνατολῶν Σ̣α̣μ̣μ̣ωυος Σιμωνος δυσ-
15μῶν Μαναημος Ιω[ανν]ου ν̣ό̣τ̣ο̣υ̣ κ̣[λ]ηρ[ονό]μ̣ο̣ι̣ Ιακω̣[βου   ̣  ̣]  ̣[  ̣]δ  ̣  ̣[  ̣] βορρᾶ [Ιω]σ̣η̣πος̣
[  ̣] Traces ca. 40 characters κυρίως καὶ βεβαίω[ς   ̣  ̣  ̣  ̣]
[- ca.26 -]  ̣  ̣ διοικε̣ῖ̣ν̣ [τρ]ό̣π̣ω̣ ᾧ ἂ̣ν̣ [αἱρ]ῇ πά[ντ]α̣ κ̣[ύρια]
fragment b

(Outer Text) 18/23Traces
ἀνὴρ α̣ὐ̣τ̣ῆ̣ς̣ Σ̣α̣λωμῃ ἁ κ̣α̣ὶ̣ Κ̣ο̣[μ]αϊ[σ]ῃ Ληουειου θυγατρὸς αὐτῆς
25πάντες οἰκοῦντες ἐν Μα[ω]ζας τὰ ὑπάρχοντα αὐτῆς̣ ἃ ε̣ἴ̣δη ἐ̣ν̣
[Μ]αωζας ὑποτεταγμ<έν>α· κ̣ῆπον φοινεικώνων καλούμε-
ν̣ον Γ̣α̣νναθ Ασαδαια σὺν ὕδατος τοῦ̣ αὐτοῦ κήπου ἐφ̓ [ἡ]μερῶν
ἑπτὰ εἰς ἑπτὰ ἡμ̣έραν τετάρτῃ ἡμιωρ<ί>αν μίαν <ἣ> τελέσει
καθ̓ ἔτος εἰς λόγον κυριακοῦ φίσκου {καθ̓ ἔτος} φοίνεικος̣ πα-
30τητοῦ σάτα δέκα καὶ συροῦ καὶ νααρου σάτα ἕξ, ἧς γείτωνες ἀ-
ν̣ατολῶν κῆπον κυριακὸν καλούμενον Γαννα̣θ Αββα̣ι-
δαια δυσμῶν κληρονό̣μοι Αρετας νότου ὁδὸς βορ̣ρ̣ᾶ̣ [κλ]ηρονό-
μ̣οι Ιωσηπος Βαβα. ὁμ[ο]ί̣ως καὶ ἥ̣μ̣ισυ αὐλῆς ἀνοιῳγμμ̣[ένο]ν̣ ε̣ἰ̣ς̣
ν̣ότον σὺν {ἥμισυ} οἰκοίματα δύο καὶ ὑπερῷν ἐνο̣ῦ[σι] ἧ̣ς̣ γείτ̣ω̣-
35νες ἀνατολῶν Σ̣αμμο̣υος Σιμωνος δυσμῶν Μ̣α̣ν̣α̣η̣μ̣ο̣ς̣
Ι̣ω̣α̣ν̣ν̣ο̣υ̣ [νότου κλη]ρ̣ο̣ν̣ό̣μ̣ο̣ι̣   ̣  ̣  ̣αγε̣ι̣ρο̣ς̣  ̣  ̣ βο̣ρ̣ρᾶ [Ι]ωσ[ηπο]ς
καὶ Traces
Traces ca. 21 characters οματα̣ καὶ κα̣τ̣ο̣χῆς Traces ca. 14 characters
.αιο.[  ̣  ̣  ̣  ̣  ̣] ἔχειν τὴν π̣ρ̣ο̣[γ]εγραμμέ̣ν̣ην Κομ̣αϊ[σην τὴν]
40προ̣γε̣γραμ̣μένην δόσ[ι]ν κ̣υ̣ρίως καὶ βεβ̣[αίως] ε̣ἰ̣ς̣ τ̣ὸ̣ν ἅππαν
[τα χρόνον]",NULL,NULL,NULL,NULL,NULL,NULL,NULL,NULL,007502432600000000000000,x
,P. Yadin 7,Aramaic,75,1000,,,,y,"על הפטית ליקיס קטוליס סורס תנינותא/תניניתא/ ומרקס אורליס אנטונינס שנת תלת לאוטקרטור קסר טרינס הדרינס סבסטס ועל מנין
הפרכיה דא בעשרין וארבעה בתמוז שנת עשר וחמש במחוז עגלתין יהב ומקים במלה קימה מתנת עלם די לא תעדה מן רעותי
אנה שמעון בר מנחם די עמר במחוזא לכי אנתי מרים אנתתי ברת יוסף בר מנשה ית כל מה די איתי לי במחוזא מן בתין ודרו֗ן ושפלין ועליין
ומאני בי וחרוף ועללהי וגני תמרין וארע ואילן כלה כדי <כ>ת<י>בין אתריא בלחוד בש֗טרא דנה ושאר כל מנדעם די איתי לי די לא וציף עם כל די
אקנא ויהוא לי מן כען יהבת לכי מתנת עלם ואלין שמהת אתרי מתנתא דא ג֗[נ]ת תמריא די לי ש֗פירא וכל די בה תחומיה למדנחא מדברא
ולמערבא ירת֗י֗ יוסף בר דרמנס ולצפונא ארע וערת [ד]י לירתי מנחם ואחרנין ולדרומא ירתי יוסף בר בבא וענימוהי עם יר֗ת֗י יוסף בר דרמנס לילא
חמ֗ש֗א֗ בש֗ב֗ה֗ שעה ופ֗לג֗ מן֗ שעין תלת וכות מת֗נא֗ א֗חרי ית אתרא די מ֗תק֗רא כרבא נציב תמרין תחומוהי למד֗נחא גרמאלה בר
ערהזו ו֗ל֗מ֗ע֗ר֗ב֗א֗ נ֗הר֗א ר֗ב֗א ו֗י֗ר֗ת֗י֗ [יוחנ]ן בר בבא לדרומא ולצפונא מנ֗לס בר עותאלה וענימוהי כדי חזה וגנתא חד֗תא ד֗י֗ בני טבירוס וסחר
לי מן [ש]מ֗ע֗ו֗ן֗ ה֗ב֗ג֗ד֗ ת֗ח֗ומיה למדנחא ולד֗ר֗ומא גרמאלה בר ערהזו ולמערבא שמוע בר מנחם ו֗א֗ח֗ר֗נ֗י֗ן֗ ולצ֗פ֗ו֗נא נהרא דכ֗ר֗א֗ וארחא <ועני>מיה יום
[חד בשבה פלגות שעה מן מי ודיא] ע[ם י]ר֗ת֗י֗ ה֗ב֗ג֗[ד ויום תרין פלגות שעה מן תלת קיסמא וכות] א֗ר֗ע֗א חורתא ותמריא
[תחומ]יה למדנחא י[רתי יוסף בר ]בבא ٠٠٠٠٠ ו[ל]מער[ב]א ש[מוע ]בר מנחם ולצפונא אתריא ד֗[י] ל֗י[רתי יוסף בר ערתי] די פלגין ל٠٠٠ּ[ ולדרומא יו]חנה
[ברת מכותא ענימיה יום ארבעה בשבה שעה חדה ולי]ל ארבעה בשבה שעה עם ירתי יוסף בר בבא [ועם] זבד֗יו֗ן֗ [ו]ח֗ב֗ר֗ו֗ה֗י֗ [וכות] מתנה אחרי כ֗ל תמרין
[ואילן מבדרין דילי במ]ח֗ו֗ז֗א֗ [על שקיא וכות] מ֗ת֗נ֗ה֗ אחר֗י ד֗ר֗ת֗א֗ ובתיא דילי במחוזא ועליהום [ושפלהום] וכל די בהום עם כל די עלא כדי חזא לי בהון
٠٠٠ּ ٠٠ ٠٠٠٠٠٠٠٠٠ ٠٠ וכ֗ו֗ת֗ [מנעל ומ]נ֗פק [וע]נימ[י]ן֗ כלא י֗הבת לכי אנתי מרים אנתתי מתנת עלם על אסרה די אהוא אכל ומחסן ופרע
פ֗ר֗ע֗ו֗ן֗ מל֗כ֗ה֗ו֗ן֗ ו֗ע֗מ֗ר֗ ו֗מ֗ע֗מ֗ר֗ ב֗ד֗ר֗תא וב֗ת֗י֗א כל י֗ו֗מ֗י֗ ח֗י֗י֗ וכדי אהך לבית עלמי תהוין ר֗שיה ושליטה באתרי מתנתא דא או במ֗ה די
[א]ש֗ב֗וק֗ מנהו֗ן֗ וד[י לא אשתרהן] ול֗א֗ אתז֗בן לפרנוס נפשי֗ מן באתר דנה ובכל נכ֗ס֗ין ודמי נכסין ומ֗א֗ני בי וכל מנדעם זעיר וסגיא די יהוא
לי מן כע֗ן [ועד עלם] די וציף בשטר מתנתא דנה למקנא ולמזבנו ולמנחל ולמורתו ולמרהן ולמנתן ולמזרע ולמנצב ולמבנא ולמפרוע
פרענהון ולמעבד ב֗ה֗ו֗ן כל די תצבין אנתי ובניכי וירתיכי ומן די יחסן מן ידכי מן יום די אהך לבית עלמי ועד עלם ונדר ומומא ואסר
ושבועה לא איתי לבני ולירתי ולאנוש כלה בשמי לא עליכי ולא על ירתיכי ולא על מן די יחסן מן ידכי מתנתא דא או מן קצתה מנדעם
על כל די איתי לי וציף ודי לא וציף ואיתוהי ויהוא לי מן כען כלא יהוא לכי בנזק/בנוף/ מתנתא דא ורשיה ושליטה למעבד כל די תצבין
מן יום די אהך לבית עלמי ועד עלם ודין ודבב ומומא כלה לא איתי לירתי ואצדקי ואנוש כלה בשמי עליכי ולא על ירתיכי על כל די עלא
ועל כל די אשבוק קדמיכי כדי אהך לבית עלמי מן כלא כתבת מבר֗[א] יתכי וית כל ולד די תלדין מני מן כען וית כל אצדק וירת
ואנוש די יחסן מן ידכי מתנתא דא או מן קצתה מנדעם מן נדר ומומא כלה מן כל אנוש בשמי אצדק וירת ורחיק וקריב
בחיי ומן די אהך לבית עלמי ועד עלם כחליקת מתנתא ובראוניא די מתכתבין לעלם בלחוד די קים יהוה לבבתא ברתנה
די הן תתארמל ולא יהוא לה בעל די תהוא עמרה בבית אוריא די מן קצת אתרי מתנתא דא ועללה ונפקה עמכי בדרתא ה^י^
לבית**אוריא כל יומין די תהוא ארמלה די לא בעל ולא רשיה ולא שליטה תהוא למנעלו לביתא הו בעל כדנה מן רעותי כתבת ואברית
יתכי מן ירתי ומן אנוש בשמי על כל די עלא כתיב מן נדר ומומא ודין ודבב ומן עלת כל מנד[ע]ם ז֗ע֗יר וסגיא [ב]ח֗יי ומן י֗ו֗ם֗ [די אהך
לבית עלמי ועד עלם על די כדן לקבל דך מתנתא דא יהבת לכי֗ ע֗ל֗ א֗ס֗ר֗ ד֗י֗ ת֗ה֗[וי]ן֗ [א]נ֗ת֗[תי כדי] מן קדם דנה ומשמשה [יתי
מן ק֗צ֗ת֗ מ֗ת֗נ֗תא֗ דא֗ [כדי מן קדם דנה וקים כל די עלא כתיב ל[קבל ד]ך֗
[ע]ל[ הפטית ]ל[יקיס קט]ל[יס סורס תנינותא/תניניתא/ ומרקס אורליס אנטונינס שנת ת]ל[ת לאוטקרטור
[קסר טרינס הדרינס סבס]ט֗ס֗ ו֗ע֗[ל מנין הפרכיה דא בעשרין וארבעה בתמוז שנת
[עשר וחמש במחוז ע]ג֗לתין יהב֗ ו֗מ֗ק֗י֗ם֗ [במלה קימה מתנת על]ם די לא תע֗[דה מן רעותי
[אנה שמעון בר מנ]ח֗ם֗ ד֗י֗ עמר במח[וזא לכי ]א֗נתי מ֗רים אנתתי ברת יו֗ס֗[ף
בר מנשה י֗ת֗ כ֗ל֗[ אר]ע ואילן[ כלה כדי כתיבין אתריא בלחוד בשטרא דנה
[ושאר כל מנד]ע֗ם֗ ד֗[י לא וציף די] איתי לי [או די אקנא ויהוא לי מן כע]ן כלא יהב[ת לכי מתנת
[עלם אלין שמהת אתרי מתנתא דא גנת תמריא די לי שפיר]א֗ וכל די בה תח[ומיה למדנחא מדברא
[ולמערבא] ירת֗[י י]וסף ב֗ר דורמנס ו֗לצפונא א[רע ו]ע֗רת די לירתי מנחם ואחרנין ולדרומא
ירתי יוסף֗ בר בבא וע֗נ֗ימיה עם ירתי יוסף בר [דו]רמ֗נס מין שעה ופלג מן שעין תלת
וכות אתרא די מתקרא כרבא נציב תמרין תחומוהי למד[נ]חא [ג]רמאלה בר ערהזו ולמ[ערבא
[נ]ה֗רה דכ[ר]א֗ [וירתי יו]חנן בר בבא ולד֗ר֗ומ֗א ולצ[פו]נ֗א֗[ מ]נ֗ל֗ס בר עותלה וענימיה כדי חזא
וכות גנתא חד[תא די בני טבירו]ס֗ וסחר לי מן שמעון הבגר תחומיה למדנחא
[ו]ל֗[ד]רומא גרמלה בר ערהזו ולמערבא שמוע בר מנחם ואחרנין ולצפונא נהרא דכ֗ר֗א֗
וארחא ענימיה חד בשבה פלגות שעה מן מי ודיא עם ירתי הבגר ויום תרין
[פ]לגות שעה מ[ן ]ת֗לת קיסמא וכות ארעא חורתא ותמריא די בה תחומיה למדנחא
[יר]ת֗י יוסף[ בר בבא ٠٠٠ּ] ע[٠٠٠ ו]למ֗[ערבא שמוע ]בר מנחם ולצפונא אתריא די ליר֗ת֗[י י]ו֗סף
בר עתרי די פלגין לי֗[٠٠٠ּ ולדרומא יו]חנה ברת מכותא ענימיה יום ארבעה בשבה
ש֗עה חדה ולילא ארבעה בשבה שעה חדה עם ירתי יוסף בר בבא ועם זבדיון
[ו]חברוהי וכות כל תמרין ואילן מבדרין די לי במחוזא על שקיא וכות מתנה אח֗ר֗י֗
דרתא ובת[יא די] לי במחוזא ועליהון ושפלהון וכל די בהון עם כל ד[י ע]ל[א] כ֗ת֗י֗ב֗ [כ]די חזא
[לי ב]הון ש[٠٠٠] ٠٠٠ּ[٠٠] ٠٠לל٠٠٠٠٠٠٠٠[ מנע]ל ו[מנ]פק ועני כלא יהבת לכי֗ א֗נתי מרים
אנתתי ברת יוסף[ מתנ]ת֗ ע֗ל֗ם[ על ]א֗סר֗ה די אהוא אכל ומחסן ופרע פרעון מלכהון
[וע]מר ומעמר בדרתא ובתיא אנון כל יומי חיי וכדי אהך לבית עלמי תהוין
רשיה ושליטה באתרי מתנתא דא או במה די אשבוק מנהון כדי א֗ה֗ך֗
[ל]בית עלמי די לא אתזבן ולא אשתרהן לחשחות נפשי מן באתר֗[ דנה ובכ]ל֗ נ֗כ֗[סין
ודמי נכ[סין ומאני ]בי וכל מנדעם זעיר[ ו]סגיא די יהוא לי מן כע[ן ועד ע]ל֗[ם
[ד]י וצ֗[יף בשטר מתנת]א֗ ד[נה] ל֗[מ]קנא ולמזבנו ולמנחל ולמורתו ולמרהן ולמנתן ולמזרע֗
[ו]ל֗מ֗נצב ולמבנא ולמפרוע פרענהון ולמעבד בהון כל די תצבין אנתי ובניכי די יהו[ון
לכי מני מן כען וירתיכי מן די יחסן מן ידכי מתנתא דא או מן קצתה מנדעם[ מ]ן
יום די אהך לבית עלמ֗י֗ ועד עלם ונדר ומומא ואסר ושבועה֗ ל֗[א א]י֗ת֗[י] ל֗ב֗[ני
ויר֗ת֗י֗ ו֗א֗נוש ב֗שמי רחיק וקריב לא על[י]כי ולא על ירתיכי ולא על [מ]ן֗[ די יחס[ן֗ מ֗ן֗[ ידכי
[בחיי ומן די] אהך לבית עלמי על די כדן לעלם כדנה מן רעותי כתבת לכי
מתנתא דא כדי עלא די תהוין אנתתי כקדמיתא ומשמשה יתי מן קצתה מתנתא֗
דא עד יום די אהך לבית עלמי ותהוין רשיה ושליטה בכל די אש[בוק
כדי עלא מן יום די אהך֗ לבית עלמי ועד עלם די לא דין ולא ד֗[בב ו]ל[א] מ֗ו֗מ֗[א ולא נדר
כחל֗י֗ק֗ת֗ מת֗נתא ובראוניא די מתכתב֗ין לעלם בלחוד די קים י֗[ה]וא [ל]בב[תא
ב֗ר֗[תנה ד]י ה֗ן֗ ת֗ת֗[א]ר֗מל ולא יהוא לה בעל די תהוא עמרה בבית אוריא די מן
קצת מתנתא דא ועללה ונפק֗[ה ע]מ֗כ֗י֗ בדרתא הי לבית אוריא כ֗ל יומ֗[ין
די תה֗ו֗א֗ א֗[רמ]ל֗[ה די לא ]ב֗ע֗ל֗ ולא רשיה ולא שליטה תהוא למנ֗[ע]לו֗[ לביתא
[ה]ו֗ בעל כ֗[דנה מן רעו]ת֗י כתבת ואברית יתכ֗י מ֗[ן ירתי ומן כל אנוש
[בשמי על כל די עלא כתיב מן נדר ומומא ודין ודבב ומן
[כל על]ת֗ מ֗[נדעם ז]ע֗יר וסגיא [בחיי ומן יום די ]א֗ה֗ך֗ ל֗ב֗י֗ת֗ ע֗ל֗מ֗י֗
ועד עלם על די כד֗ן֗[ ל]קבל דך
[שמעון] ב֗ר֗ מ[נ]ח֗ם על נפשה כתבה
[٠٠٠] ٠٠ [٠٠٠ שה]ד
[٠٠٠ ב]ר֗ מ[נ]חם֗ שהד
[٠٠٠] ٠٠٠٠٠ [שה]ד֗
[٠٠٠]ּיה[٠٠٠]שיפונא מן בית עש֗הו֗
[٠٠٠]٠٠٠שה[٠٠
[٠٠٠]שמעון[٠٠٠",007500100000000000000000,"72, 73","palm grove, gift","31, 37, 39","Women Inheritance rights, Deeds of Gift as Wills, Trust","98, 227, 231, 233","מתנתא, שטרא, מן רעותי, אכל",N.E. P. 1000,007500100000000000000000,
Greek,Greek Inscription,Greek,74,10020,,,,y,"Ἔτους πεντεκαιδεκάτου, μηνὸς Λώιου.Ἀγαθῆι τύχηι. Τάδε διέθετο βασιλεὺς
Πτολεμαῖος βασιλέως Πτολεμαίου
καὶ βασιλίσσης Κλεοπάτρας, θεῶν
Ἐπιφανῶν, ὁ νεώτερος· ὧν καὶ τὰ ἀντίγραφα
εἰς Ῥώμην ἐξαπέσταλται. — Εἴη μέν μοι
μετὰ τῆς τῶν θεῶν εὐμενείας μετελθεῖν
καταξίως τοὺς συστησαμένους ἐπί με
τὴν ἀνόσιον ἐπιβουλὴν καὶ προελομένους
μὴ μόνον ⟦oν⟧ τῆς βασιλείας, ἀλλὰ καὶ
τοῦ ζῆν στερῆσαί με· ἐὰν δέ τι συμβαίνηι
τῶν κατ’ ἄνθρωπον πρότερον ἢ διαδόχους
ἀπολιπεῖν τῆς βασιλείας, καταλείπω
Ῥωμαίοις τὴν καθήκουσάν μοι βασιλείαν,
οἷς ἀπ’ ἀρχῆς τήν τε φιλίαν καὶ τὴν
συμμαχίαν γνησίως συντετήρηκα·
τοῖς δ’ αὐτοῖς παρακατατίθεμαι τὰ πράγματα
συντηρεῖν, ἐνευχόμενος κατά τε τῶν θεῶν
πάντων καὶ τῆς ἑαυτῶν εὐδοξίας, ἐάν τινες
ἐπίωσιν ἢ ταῖς πόλεσιν ἢ τῆι χώραι, βοηθεῖν
κατὰ τὴν ψιλίαν καὶ συμμαχίαν τὴν ⟦πρὸς⟧
πρὸς ἀλλήλους ἡμῖν γενομένην καὶ τὸ
δίκαιον παντὶ σθένει.
— Μάρτυρας δὲ τούτων ποιοῦμαι Δία τε τὸν
Καπετώλιον καὶ τοὺς Μεγάλους θεοὺς
καὶ τὸν Ἥλιον καὶ τὸν Ἀρχηγέτην Ἀπόλλωνα,
παρ’ ὧι καὶ τὰ περὶ τούτων ἀνιέρωται γράμματα.
Τύχηι τῆι ἀγαθῆι.",007401002000000000000000,"18, 99, 122","oath clauses, witnesses, deposit",2,Property,"391, 392, 739","ἀντίγραφον, παρακαταθήκη, διαθήκη",Grk. Insc. 10020,007401002000000000000000,
,,Greek,74,10024,,,,y,"[Oἱ] κ̣ατὰ τὴν διαθήκην
[τ]ὴν Ζωτίχου τετειμη-
μένοι Γλαύκιππον Ζω-
τίχου μετὰ τῶν τέκνων
ἐπιδόντα αὐτοῖς δραχμὰς
δισχειλίας τῆς εἰς αὐτοὺς
τειμῆς ἕνεκεν",007401002400000000000000,144,testament formula,"2, 6, 29","Property, Inheritance, Testaments","166, 166, 739","τιμή, τιμή, διαθήκη",Grk. Insc. 10024,007401002400000000000000,
,,Greek,74,"SEG 37, 885",,,,n,"Λούκιον Ἀντώνιον Μάρκου Ἀντω[νί]-
ου Πολέμωνος υἱὸν Ζήνωνα μ[έ]-
γαν ἀριστῆ, χιλιαρχήσαντα λεγ[ιῶ]-
νος ιβʹ Κεραυνοφόρου, τετειμ[η]-
μένον ὑπὸ τοῦ θεῶν ἐνφαν[εσ]-
τάτου Σεβαστοῦ βασιλικῇ διὰ τῆς
οἰκουμένης πορφυραφορίᾳ καὶ
ἀρχιερατεύσαντα Αὐτοκράτο-
ρος Καίσαρος Σεβαστοῦ ἐν
τῇ Ἀσίᾳ· vacat
τὴν ἀνάστασιν ποιησαμέν[ων]
Ἀττάλου καὶ Τατας τῶν Ἑρμ[ο]-
γένους τέκνων ἐκ διαθή-
κης Ἑρμογένους Ἀττάλου
πατρὸς ἰδίου διὰ τὰς ἀπ’ αὐ-
τοῦ εἰς ἑαυτοὺς εὐεργεσία[ς]",NULL,NULL,NULL,NULL,NULL,NULL,NULL,NULL,"0074SEG 37, 88500000000000000",#VALUE!
,Gortyn  4.23-48,Greek,62,7,,,,y,"ἐ͂ κ’ ἀποθάνεˉι ἀνὲˉρ ἒˉ γυν ά, αἰ μέν κ’ ἐ͂ι τέκ̣ν̣α ἒˉ ἐς τέ κνοˉν τέκν̣α̣ ἒˉ ἐς τούτοˉν τέ κνα, τούτος ἔκε[ν] τὰ κρέˉμα τα. {²palmula}² αἰ δέ κα̣ μέˉτις ἐ͂ι τούτοˉ ν, ἀ{α}δελπιοὶ {²⁶ἀδελπιοὶ}²⁶ δὲ το͂ ἀποθανόν τος κἐˉκς ἀδε[λ]πιο͂ν τέκν α ἒˉ ἐς τούτοˉν τέκνα, τούτ ος ἔκεν τὰ κρέˉματα. {²palmula}² αἰ δέ κα μέˉτις ἐ͂ι τούτοˉν, ἀδευπιαὶ δ ὲ το͂ ἀποθανόντος κἐˉς ταυτ ᾶν τέκνα ἒˉ ἐς το͂ν τέκνοˉν τέ κνα, τούτος ἔκεν τὰ κρέˉμα τα. {²palmula}² αἰ δέ κα μέˉτις ἐ͂ι τούτοˉν, οἶς κ’ ἐπιβάλλεˉι ὄποˉ κ’ ἐ͂ι τὰ κρ έˉματα̣, τούτος ἀναιλε͂θθα ι. {²palmula}² αἰ δὲ μὲˉ εἶεν ἐπιβάλλοντε ς, τᾶς ϝοικίας οἴτινές κ’ ἴοˉντι ὀ κλᾶρος, τούτονς ἔ κεν τὰ κρέˉματα. vac. αἰ δέ κ’ οἰ ἐπιβάλλοντες οἰ μὲν λεί οˉντι δατε͂θθαι τὰ κρέˉματ α, οἰ δὲ μέˉ, δικάκσαι τὸν δι καστὰν ἐπὶ τοῖλ λείονσι δ ατε͂θθαι ἔˉμεˉν τὰ κρέˉματα π άντα πρίν κα δάττονται. vac. αἰ δέ κα δικάκσαντος το͂ δ ικαστᾶ κάρτει ἐνσείεˉι ἒˉ ἄ γεˉι ἒˉ πέρεˉι, δέκα στατε͂ραν ς καταστασεῖ καὶ το͂ κρέˉι ος διπλεῖ. vac. τνατο͂ν δὲ καὶ καρ πο͂ καὶ ϝέˉμας κἀνπιδέˉμας κ ἐˉπιπολαίοˉν κρεˉμάτοˉν αἴ κα μ ὲˉ λείοˉντι δατέˉ̣θ̣[θαι, τὸ]ν̣ δ̣ [ικαστ]ὰν ὀμνύντα κρῖνα ι πορτὶ τὰ μοˉλιόμενα. vac. [α]ἰ [δ] έ κα κρέˉματα δατιόμενοι μὲˉ συνγιγνόˉσκοˉντι ἀν πὶ τὰν δαῖσιν, ὀˉνε͂ν τὰ κρέˉμ ατα· κὄˉς κα πλεῖστον διδ ο͂ι ἀποδόμενοι τᾶν τιμᾶν δια[λ]ακόντοˉν τὰν ἐπαβο λὰν ϝέκαστος. {²palmula}² δατιομέ νοιδ δὲ κρέˉματα μαίτυρα νς παρέˉμεˉν δρομέανς ἐλε υθέρονς τρίινς ἒˉ πλίανς.",NULL,NULL,NULL,NULL,NULL,NULL,NULL,NULL,006200070000000000000000,x
,Gortyn 4.48-5.9,Greek,62,8,,,,n,"αἰ δέ κα λε͂ιὀ πατὲˉρ δοˉὸς ἰὸˉν δόμεˉν τᾶι ὀπυιομέναι, δότοˉ κατὰ τὰ ἐγραμμένα, πλίονα δὲ μέˉ. vac. ὀτείαι δὲ πρόθθ’ ἔδοˉκε ἒˉ ἐπέσπενσε, ταῦτ’ ἔκεν, ἄλλα δὲ μὲˉ ἔτι το̣͂ν̣ π[α]τρόˉι[οˉ]ν [κ]ρ̣έˉ[ματ’] ἀπολαν[κά]νεν. γυνὰ ὀ[τ]εία κρέˉματα μὲˉ ἔκει ἒˉ [πα]τρὸδ δόντος ἒˉ ἀ̣[δ]ελπιο͂ ἒˉ ἐπισπένσαντος ἒˉ ἀπολα[κ]όνσα ἆι ὄκ’ ὀ Αἰθ[α]λεὺς ’ταρτὸς ἐκόσμιον οἰ σὺν Κύ[λ]λ̣οˉι, ταύτας μὲν ἀ̣π̣ολανκάνεν, ταῖδ δὲ πρόθθα μὲˉ ἔ[ν]δικον ἔˉμεˉν. ",NULL,NULL,NULL,NULL,NULL,NULL,NULL,NULL,006200080000000000000000,x
,Gortyn 5.9-5.54,Greek,62,9,,,,y,"ἐ͂ κ’ ἀποθάνεˉι ἀνὲˉρ ἒˉ γυνά, αἰ μέν κ’ ἐ͂ι τέκ̣ν̣α ἒˉ ἐς τέκνοˉν τέκν̣α̣ ἒˉ ἐς τούτοˉν τέκνα, τούτος ἔκε[ν] τὰ κρέˉματα. {²palmula}² αἰ δέ κα̣ μέˉτις ἐ͂ι τούτοˉν, ἀ{α}δελπιοὶ {²⁶ἀδελπιοὶ}²⁶ δὲ το͂ ἀποθανόντος κἐˉκς ἀδε[λ]πιο͂ν τέκνα ἒˉ ἐς τούτοˉν τέκνα, τούτος ἔκεν τὰ κρέˉματα. {²palmula}² αἰ δέ κα μέˉτις ἐ͂ι τούτοˉν, ἀδευπιαὶ δὲ το͂ ἀποθανόντος κἐˉς ταυτᾶν τέκνα ἒˉ ἐς το͂ν τέκνοˉν τέκνα, τούτος ἔκεν τὰ κρέˉματα. {²palmula}² αἰ δέ κα μέˉτις ἐ͂ι τούτοˉν, οἶς κ’ ἐπιβάλλεˉι ὄποˉ κ’ ἐ͂ι τὰ κρέˉματα̣, τούτος ἀναιλε͂θθαι. {²palmula}² αἰ δὲ μὲˉ εἶεν ἐπιβάλλοντες, τᾶς ϝοικίας οἴτινές κ’ ἴοˉντι ὀ κλᾶρος, τούτονς ἔκεν τὰ κρέˉματα. vac. αἰ δέ κ’ οἰ ἐπιβάλλοντες οἰ μὲν λείοˉντι δατε͂θθαι τὰ κρέˉματα, οἰ δὲ μέˉ, δικάκσαι τὸν δικαστὰν ἐπὶ τοῖλ λείονσι δατε͂θθαι ἔˉμεˉν τὰ κρέˉματα πάντα πρίν κα δάττονται. vac. αἰ δέ κα δικάκσαντος το͂ δικαστᾶ κάρτει ἐνσείεˉι ἒˉ ἄγεˉι ἒˉ πέρεˉι, δέκα στατε͂ρανς καταστασεῖ καὶ το͂ κρέˉιος διπλεῖ. vac. τνατο͂ν δὲ καὶ καρπο͂ καὶ ϝέˉμας κἀνπιδέˉμας κἐˉπιπολαίοˉν κρεˉμάτοˉν αἴ κα μὲˉ λείοˉντι δατέˉ̣θ̣[θαι, τὸ]ν̣ δ̣[ικαστ]ὰν ὀμνύντα κρῖναι πορτὶ τὰ μοˉλιόμενα. vac. [α]ἰ [δ]έ κα κρέˉματα δατιόμενοι μὲˉ συνγιγνόˉσκοˉντι ἀνπὶ τὰν δαῖσιν, ὀˉνε͂ν τὰ κρέˉματα· κὄˉς κα πλεῖστον διδο͂ι ἀποδόμενοι τᾶν τιμᾶν δια[λ]ακόντοˉν τὰν ἐπαβολὰν ϝέκαστος. {²palmula}² δατιομένοιδ δὲ κρέˉματα μαίτυρανς παρέˉμεˉν δρομέανς ἐλευθέρονς τρίινς ἒˉ πλίανς. ",NULL,NULL,NULL,NULL,NULL,NULL,NULL,NULL,006200090000000000000000,x
Other,Jos. War 2.93-100,Greek,78,2,93,,,y,"Τότε μὲν οὖν Καῖσαρ ἀκούσας ἑκατέρων διέλυσε τὸ συνέδριον, μετὰ δʼ ἡμέρας ὀλίγας τὸ μὲν ἥμισυ τῆς βασιλείας Ἀρχελάῳ δίδωσιν ἐθνάρχην προσειπών, ὑποσχόμενος δὲ καὶ βασιλέα ποιήσειν,",007800020093000000000000,"64, 163, 178, 194, 205, 209, 224, 227, 231, 297, 318","procedural law, son, heir, inheritance conflict, order of succession, legatum, firstborn, disputed inheritance, succession disputes, co-heirs, consilium principis","4, 6","Courts and Procedure, Inheritance",759,συνέδριον,Jos.W. 2 93,007800020093000000000000,
,,Greek,78,2,94,,,y,"εἰ ἄξιον ἑαυτὸν παράσχοι, τὸ δὲ λοιπὸν ἥμισυ διελὼν εἰς δύο τετραρχίας δυσὶν ἑτέροις παισὶν Ἡρώδου δίδωσιν, τὴν μὲν Φιλίππῳ, τὴν δὲ Ἀντίπᾳ τῷ πρὸς Ἀρχέλαον ἀμφισβητοῦντι περὶ τῆς βασιλείας.",007800020094000000000000,"60, 66, 163, 178, 194, 205, 209, 212, 224, 227, 231, 297","property, brother, son, heir, inheritance conflict, order of succession, legatum, tax collectors, firstborn, disputed inheritance, succession disputes, co-heirs","4, 6","Courts and Procedure, Inheritance","495, 769","ἀμφισβήτησις, διαιρέω",Jos.W. 2 94,007800020094000000000000,
,,Greek,78,2,95,,,y,"ἐγένετο δὲ ὑπὸ τούτῳ μὲν ἥ τε Περαία καὶ Γαλιλαία, πρόσοδος διακόσια τάλαντα, Βατανέα δὲ καὶ Τράχων Αὐρανῖτίς τε καὶ μέρη τινὰ τοῦ Ζήνωνος οἴκου τὰ περὶ ἰννάνω, πρόσοδον ἔχοντα ταλάντων ἑκατόν, ὑπὸ Φιλίππῳ τέτακτο.",007800020095000000000000,"58, 60, 66, 163, 178, 194, 205, 212, 224, 231, 271, 297, 306","taxes, property, brother, son, heir, inheritance conflict, order of succession, tax collectors, firstborn, succession disputes, country property, co-heirs, boundaries of property","4, 6","Courts and Procedure, Inheritance",NULL,NULL,Jos.W. 2 95,007800020095000000000000,
,,Greek,78,2,96,,,y,τῆς Ἀρχελάου δʼ ἐθναρχίας Ἰδουμαία τε καὶ Ἰουδαία πᾶσα καὶ Σαμαρεῖτις ἦν κεκουφισμένη τετάρτῳ μέρει τῶν φόρων εἰς τιμὴν τοῦ μὴ μετὰ τῶν ἄλλων ἀποστῆναι.,NULL,NULL,NULL,NULL,NULL,NULL,NULL,NULL,007800020096000000000000,x
,,Greek,78,2,97,,,y,πόλεις δʼ ὑπηκόους παρέλαβεν Στράτωνος πύργον καὶ Σεβαστὴν καὶ Ἰόππην καὶ Ἱεροσόλυμα· τὰς γὰρ Ἑλληνίδας Γάζαν καὶ Γάδαρα καὶ Ἵππον ἀποτεμόμενος τῆς βασιλείας προσέθηκεν Συρίᾳ. πρόσοδος ἦν τῆς Ἀρχελάῳ δοθείσης χώρας τετρακοσίων ταλάντων.,NULL,NULL,NULL,NULL,NULL,NULL,NULL,NULL,007800020097000000000000,x
,,Greek,78,2,98,,,y,"Σαλώμη δὲ πρὸς οἷς ὁ βασιλεὺς ἐν ταῖς διαθήκαις κατέλιπεν Ἰαμνείας τε καὶ Ἀζώτου καὶ Φασαηλίδος ἀποδείκνυται δεσπότις, χαρίζεται δʼ αὐτῇ Καῖσαρ καὶ τὰ ἐν Ἀσκάλωνι βασίλεια· συνήγετο δʼ ἐκ πάντων ἑξήκοντα προσόδου τάλαντα· τὸν δὲ οἶκον αὐτῆς ὑπὸ τὴν Ἀρχελάου τοπαρχίαν ἔταξεν.",007800020098000000000000,"66, 178, 212, 231, 271, 275, 306","brother, heir, tax collectors, succession disputes, country property, sister, boundaries of property","4, 6","Courts and Procedure, Inheritance","739, 754, 755","διαθήκη, δεσπότης, καταλιμπάνω",Jos.W. 2 98,007800020098000000000000,
,,Greek,78,2,99,,,y,τῆς δʼ ἄλλης Ἡρώδου γενεᾶς ἕκαστος τὸ καταλειφθὲν ἐν ταῖς διαθήκαις ἐκομίζετο. δυσὶ δʼ αὐτοῦ θυγατράσι παρθένοις Καῖσαρ ἔξωθεν χαρίζεται πεντήκοντα μυριάδας ἀργυρίου καὶ συνῴκισεν αὐτὰς τοῖς Φερώρα παισίν.,007800020099000000000000,"101, 178, 178, 185, 187, 198, 209, 212, 227, 231, 305","marriage contract, heir, heir, marriage presents, marriage conditions, dowry property, legatum, tax collectors, disputed inheritance, succession disputes, gift after death","4, 6","Courts and Procedure, Inheritance, Dowry","739, 755","διαθήκη, καταλιμπάνω",Jos.W. 2 99,007800020099000000000000,
,,Greek,78,2,100,,,y,"μετὰ δὲ τὸν οἶκον ἐπιδιένειμεν αὐτοῖς τὴν ἑαυτῷ καταλειφθεῖσαν ὑφʼ Ἡρώδου δωρεὰν οὖσαν χιλίων ταλάντων, εὐτελῆ τινα τῶν κειμηλίων εἰς τὴν τοῦ κατοιχομένου τιμὴν ἐξελόμενος.",007800020100000000000000,"73, 178, 191, 194, 209, 212, 231, 305","gift, heir, deathbed gift, inheritance conflict, legatum, tax collectors, succession disputes, gift after death","4, 6, 26","Courts and Procedure, Inheritance","755, 768","καταλιμπάνω, διανέμω",Jos.W. 2 100,007800020100000000000000,